longitude,latitude,CADCODE,permit_201,permit_2_1,permit_2_2
44.74277236,41.77305387,01.72.14.030.108,130,AR182078,24/09/2012
44.86740566,41.69280344,01.19.36.006.030,674,AR175461,24/08/2012
44.76008306,41.71026978,01.14.11.003.025,2018,AR134752,4/4/2012
44.69539315,41.69631601,01.20.01.063.018,94,AR181101,21/09/2012
44.70137548,41.66283549,81.01.06.725,24,AR188415,5/11/2012
44.80618364,41.69056335,01.18.03.058.001,816,AR170398,2/8/2012
44.72059592,41.77133573,01.72.14.023.234,15,AR186389,12/11/2012
44.80612744,41.80366423,01.11.05.014.025,1708,AR153770,25/05/2012
44.77720935,41.71474274,01.14.14.008.030,1058,AR167935,23/07/2012
44.75511161,41.78241795,01.72.14.037.509,496,AR182709,26/09/2012
44.7742068,41.8055677,01.72.14.011.352,1968,AR133724,3/4/2012
44.75361223,41.78533713,01.72.14.037.503,1816,AR155224,1/6/2012
44.91513474,41.62300538,81.05.09.103,112,AR196899,7/12/2012
44.89804222,41.71239867,81.08.27.284,1307,AR161062,25/06/2012
44.80042175,41.71392202,01.16.01.018.007,1864,AR145254,2/5/2012
44.75235956,41.71231977,01.14.14.001.043,2013,AR131956,26/04/2012
44.73294407,41.73204865,01.14.02.011.023,2089,AR133913,3/4/2012
44.77488852,41.74381912,01.13.04.020.043,2238,AR126467,5/3/2012
44.99242942,41.68267189,01.19.28.001.123,1722,AR149739,17/05/2012
44.81661679,41.68625592,01.18.04.013.028,1614,AR149526,31/05/2012
44.77719305,41.71489858,01.14.14.008.014,2330,AR167935,23/07/2012
44.81712346,41.73452379,01.12.14.071.017,1808,AR131716,3/4/2012
44.98412761,41.67662,01.19.28.001.128,545,AR185820,11/10/2012
44.762315,41.7241064,01.10.14.017.010,1723,AR150471,14/05/2012
44.78524311,41.70645883,01.15.02.008.001,481,AR182106,21/09/2012
44.77648096,41.80656524,01.72.14.011.350,683,AR175852,30/08/2012
44.83291794,41.77900952,01.11.17.006.125,1803,AR151267,17/05/2012
44.75468158,41.67341316,81.02.13.456,2108,AR141745,26/04/2012
44.84092704,41.73274384,81.21.04.509,1981,AR141233,12/4/2012
44.84768613,41.6902319,01.17.09.047.003,749,AR175978,27/08/2012
44.74831154,41.78654341,01.72.14.039.236,916,AR177305,2/9/2012
44.71640047,41.71819787,01.14.05.009.026,1936,AR148841,7/5/2012
44.75893261,41.77172576,01.72.14.032.352,721,AR174811,21/08/2012
44.78256954,41.70904621,01.15.03.016.001,1406,AR157530,10/6/2012
44.76746016,41.72937432,01.10.14.005.006,814,AR169414,27/07/2012
44.80164736,41.72711731,01.12.20.003.023,184,AR124589,20/02/2012
44.77173045,41.71872447,01.10.17.014.002,1686,AR143946,25/04/2012
44.82016757,41.6753674,01.18.06.006.169,1975,AR152112,18/05/2012
44.77959719,41.8246169,01.11.04.004.008,2020,AR137511,6/4/2012
44.80143614,41.76682574,01.12.06.006.005,613,AR177166,1/9/2012
44.73653398,41.7252563,01.14.03.024.005,673,AR175270,27/08/2012
44.82373159,41.80142924,01.11.10.010.019,1109,AR165284,18/07/2012
44.76688525,41.72783767,01.10.14.005.002,1550,AR151748,17/05/2012
44.75978822,41.78794608,01.10.06.014.088,576,AR175110,23/08/2012
44.89085128,41.67809919,01.19.21.002.073,1745,AR156298,6/6/2012
44.92378654,41.64137769,81.05.03.237,345,AR178862,9/9/2012
44.79205711,41.74277335,01.12.12.015.023,990,AR167551,23/07/2012
44.96629513,41.74515295,81.08.05.280,807,AR179186,12/9/2012
44.83002249,41.77606988,01.11.17.006.159,1699,AR133389,27/03/2012
44.83389873,41.7348455,81.21.01.705,1946,AR142243,24/04/2012
44.82283816,41.81341135,01.11.11.009.013,246,AR193400,19/11/2012
44.73245548,41.72955555,01.14.02.029.029,490,AR187178,18/10/2012
44.77266952,41.68336809,01.15.07.017.053,1218,AR170963,3/8/2012
44.83800709,41.6814127,01.17.13.052.028,2142,AR128239,9/3/2012
44.76014997,41.65796937,81.02.08.445,1418,AR157278,13/06/2012
44.77796424,41.80750769,01.72.14.010.185,2157,AR143031,23/04/2012
44.77345982,41.72655869,01.10.13.017.021,1619,AR154402,28/05/2012
44.75910799,41.77149157,01.72.14.032.125,530,AR163251,6/7/2012
44.81607087,41.69925449,01.17.01.004.004,1497,AR158296,13/06/2012
44.76639563,41.73210437,01.10.12.039.011,1147,AR162074,28/06/2012
44.80366656,41.77711108,01.12.03.011.007,1002,AR163844,7/7/2012
44.75681393,41.72271462,01.10.15.023.018,2397,AR160587,25/06/2012
44.76985199,41.77968403,01.13.01.015.059,714,AR164030,12/7/2012
44.76559639,41.73176239,01.10.12.039.001,672,AR175199,26/09/2012
44.77555197,41.80551893,01.72.14.011.072,2214,AR127196,2/3/2012
44.81236463,41.71382798,01.16.04.005.013,1071,AR163278,7/7/2012
44.8427586,41.67820983,01.17.12.028.015,1051,AR160193,26/06/2012
44.93700637,41.67455536,01.19.30.001.103,1920,AR133217,29/03/2012
44.78487721,41.72217719,01.13.07.018.003,1871,AR155361,1/6/2012
44.77743036,41.81244093,01.72.14.008.384,2052,AR141886,17/04/2012
44.75705615,41.6625567,81.02.93.065,261,AR187194,19/10/2012
44.94134694,41.69679076,01.19.16.003.045,1107,AR162621,8/8/2012
44.81638283,41.81265741,01.11.05.002.004,342,AR129788,21/03/2012
44.77068329,41.77408243,01.13.01.018.108,131,AR185384,10/10/2012
44.77887553,41.72615835,01.10.13.016.010,1020,AR170210,31/07/2012
44.76996985,41.70677829,01.14.11.031.042,487,AR184857,11/10/2012
44.76098528,41.77391728,01.72.14.033.305,1062,AR172759,16/08/2012
44.7637855,41.70912635,01.14.11.004.006,268,AR183541,4/10/2012
44.76433435,41.8202851,01.72.14.006.506,1571,AR143109,23/04/2012
44.75318176,41.66143037,81.02.00.743,1738,AR152332,22/05/2012
44.70687386,41.69513414,01.20.01.084.031,161,AR181913,24/09/2012
44.70118062,41.70231993,01.20.01.008.031,1216,AR170365,3/8/2012
44.83587662,41.72424618,81.21.05.247,1516,AR159142,18/06/2012
44.79844461,41.74994133,01.12.11.010.002,963,AR167477,27/07/2012
44.77402682,41.80539537,01.72.14.011.356,119,AR189258,30/10/2012
44.77365417,41.78778076,01.72.14.013.218,1380,AR157137,25/06/2012
44.72324383,41.65458381,81.02.03.762,1987,AR149331,18/05/2012
44.77332902,41.77079268,01.13.01.020.076,127,AR194361,29/11/2012
44.73143805,41.78879294,01.72.14.043.363,894,AR177314,4/9/2012
44.75900165,41.7230599,01.10.15.023.011,1652,AR156579,6/6/2012
44.89258224,41.71183515,81.08.28.138,1875,AR137329,5/4/2012
44.81121398,41.79187155,01.11.12.018.066,1952,AR145643,2/5/2012
44.7902624,41.74220635,01.12.12.024.116,591,AR169331,30/07/2012
44.7987688,41.76712366,01.12.06.009.011,1991,AR136439,14/04/2012
44.78263885,41.70853046,01.15.03.016.015,2352,AR163315,16/07/2012
44.89090913,41.70155079,01.19.39.033.017,1540,AR157882,11/6/2012
44.71119694,41.72632054,01.14.01.008.018,1843,AR156046,5/6/2012
44.78296573,41.70875295,01.15.03.016.010,2070,AR141696,18/04/2012
44.81704822,41.67825062,01.18.06.009.023,1705,AR151471,17/05/2012
44.73792962,41.73637678,01.14.16.012.011,993,AR168390,25/07/2012
44.88472792,41.67837377,01.19.21.002.035,82,AR176272,6/9/2012
44.79565223,41.71097632,01.13.08.008.015,1507,AR154160,28/05/2012
44.77045804,41.73440317,01.10.13.005.020,1682,AR160137,20/06/2012
44.79040964,41.74146789,01.12.12.024.119,1014,AR160638,21/06/2012
44.75707554,41.72311403,01.10.15.023.006,1131,AR160587,25/06/2012
44.82885793,41.68098434,01.18.05.003.075,782,AR145597,4/5/2012
44.80909531,41.69025847,01.18.03.061.019,408,AR186924,17/10/2012
44.69969221,41.73718687,72.16.09.182,1450,AR155445,1/6/2012
44.88034613,41.69077727,01.19.20.019.002,1599,AR150445,10/6/2012
44.78975626,41.68989306,01.15.05.088.034,1990,AR127366,12/3/2012
44.78851706,41.74191208,01.12.12.024.161,2029,AR133210,29/03/2012
44.78948698,41.75097427,01.12.08.037.027,909,AR168162,9/8/2012
44.84299044,41.76796134,72.13.40.115,823,AR174593,20/08/2012
44.77268448,41.7468622,01.13.04.017.006,2106,AR138350,10/4/2012
44.77132991,41.70667649,01.14.11.031.012,2427,AR156837,7/6/2012
44.92018662,41.62675357,81.05.10.023,1033,AR172003,20/08/2012
44.79999294,41.73108466,01.12.13.066.017,2022,AR138861,19/04/2012
44.8359368,41.67654829,01.18.05.009.041,348,AR184431,4/10/2012
44.78647905,41.75071878,01.12.08.037.022,1668,AR133224,30/03/2012
44.84597188,41.69263062,01.17.08.057.008,1857,AR150709,16/05/2012
44.79816549,41.69327839,01.15.05.067.004,1717,AR160286,25/06/2012
44.73064743,41.73436793,01.14.16.008.011,1976,AR131901,14/04/2012
44.79296177,41.70084048,01.15.05.007.012,1956,AR137982,10/4/2012
44.83276465,41.79916768,01.11.10.013.074,91,AR134789,2/4/2012
44.74402644,41.78513843,01.72.14.039.270,1249,AR167938,1/8/2012
44.82185065,41.68942701,01.17.01.125.029,1983,AR142722,23/04/2012
44.75766973,41.75398089,01.10.18.005.009,892,AR173430,15/08/2012
44.76904584,41.76295182,01.13.03.016.014,197,AR193840,21/11/2012
44.81430452,41.70016683,01.16.06.057.045,1594,AR162857,30/06/2012
44.92141412,41.66379344,01.19.23.024.020,661,AR176606,30/08/2012
44.77671031,41.70392573,01.15.02.054.078,1678,AR141544,13/04/2012
44.8073781,41.79291828,01.11.12.018.043,1101,AR168595,24/07/2012
44.74928767,41.78646217,01.72.14.038.373,1641,AR131095,20/03/2012
44.74015637,41.70836393,01.14.10.001.026,1572,AR144687,28/04/2012
44.74215038,41.72977045,01.14.15.001.058,1012,AR158707,19/06/2012
44.73999529,41.70825881,01.14.10.001.025,2374,AR134831,5/4/2012
44.79565872,41.76029522,01.12.09.012.023,1309,AR161641,26/06/2012
44.81452113,41.69301966,01.17.01.060.027,1840,AR151079,16/05/2012
44.75477331,41.79159772,01.10.06.001.124,1776,AR152876,23/05/2012
44.83057734,41.67832367,01.18.05.008.146,46,AR190410,5/11/2012
44.73998902,41.70846789,01.14.10.001.049,581,AR183823,2/10/2012
44.81018766,41.69646259,01.16.06.064.019,2094,AR129203,19/03/2012
44.75814728,41.78898004,01.10.06.012.012,1331,AR160295,28/06/2012
44.8331433,41.7787264,01.11.17.006.170,392,AR184028,2/10/2012
44.7992943,41.72938975,01.12.13.087.024,2254,AR131398,20/03/2012
44.75680456,41.67460103,81.02.13.412,1783,AR145478,2/5/2012
44.86925721,41.70713256,01.19.36.014.263,2204,AR138240,10/4/2012
44.78076973,41.77548673,01.13.02.004.031,2213,AR131364,23/03/2012
44.78453574,41.70640813,01.15.02.007.006,548,AR175540,3/9/2012
44.85444102,41.67865862,01.17.12.037.021,413,AR176363,29/08/2012
44.76839873,41.76407862,01.72.14.034.515,1967,AR133690,4/4/2012
44.78884401,41.68966916,01.15.05.088.041,2178,AR132565,23/03/2012
44.81865993,41.67359187,01.18.06.015.103,553,AR184875,8/10/2012
44.70109407,41.69641904,01.20.01.070.023,1539,AR157773,11/6/2012
44.8133506,41.69432297,01.17.01.044.018,709,AR181989,22/09/2012
44.83761367,41.72605714,81.21.05.671,694,AR176858,31/08/2012
44.7711259,41.71484872,01.10.17.046.019,682,AR175750,30/08/2012
44.84008311,41.72684779,81.21.05.445,960,AR163964,30/07/2012
44.8685558,41.7086576,01.19.37.016.086,848,AR178513,8/9/2012
44.82725469,41.80139256,01.11.10.013.059,2379,AR127414,6/3/2012
44.73279826,41.72213262,01.14.03.039.026,2309,AR187063,23/10/2012
44.79689282,41.70888958,01.16.05.002.005,520,AR177642,6/9/2012
44.71081292,41.72699611,01.14.01.008.027,884,AR168071,6/8/2012
44.83495492,41.72425032,81.21.05.673,777,AR180202,14/09/2012
44.8097688,41.71258305,01.16.04.018.017,527,AR181905,24/09/2012
44.70898076,41.69667277,01.20.01.080.022,2101,AR145796,2/5/2012
44.86878222,41.70841592,01.19.37.016.088,2055,AR132530,23/03/2012
44.77561991,41.68322173,01.15.08.004.012,44,AR188621,25/10/2012
44.79109683,41.68989274,01.15.05.087.021,514,AR184001,16/10/2012
44.89056911,41.69537696,01.19.19.003.011,593,AR172428,11/8/2012
44.80353163,41.73042997,01.12.13.070.024,555,AR149481,24/05/2012
44.79427434,41.78626562,01.11.04.029.077,2133,AR137312,5/4/2012
44.80921636,41.79475251,01.11.12.018.101,2192,AR129615,12/3/2012
44.75792661,41.776228,01.72.14.033.351,1509,AR156406,13/06/2012
44.71085897,41.72714164,01.14.01.008.026,752,AR181111,18/09/2012
44.75531795,41.79879183,01.72.14.005.012,1503,AR165330,12/7/2012
44.7750577,41.80150499,01.72.14.012.637,2044,AR144265,27/04/2012
44.69519316,41.74470237,72.16.15.334,852,AR170374,31/07/2012
44.73316875,41.79110498,01.72.14.043.392,984,AR174769,24/08/2012
44.70119282,41.69684287,01.20.01.070.016,167,AR170658,17/08/2012
44.84627537,41.78518277,72.13.14.380,1579,AR154442,29/05/2012
44.80674548,41.77352437,01.12.04.002.001,717,AR172444,15/08/2012
44.81942354,41.81166293,01.11.05.002.111,338,AR181809,21/09/2012
44.78415835,41.70282428,01.15.02.033.036,482,AR182335,23/09/2012
44.74313241,41.78282437,01.72.14.039.277,891,AR173201,14/08/2012
44.784447,41.76056914,01.12.08.015.025,587,AR183645,6/10/2012
44.8148516,41.6868889,01.18.04.013.038,707,AR178129,22/09/2012
44.81924724,41.70147341,01.17.02.025.007,872,AR172768,13/08/2012
44.75424251,41.77538725,01.72.14.033.372,1761,AR156029,8/6/2012
44.73225446,41.73269168,01.14.02.010.008,1405,AR157385,12/6/2012
44.72375292,41.77157204,01.72.14.025.040,935,AR176910,30/08/2012
44.75719947,41.67478067,81.02.13.402,1800,AR145485,2/5/2012
44.76791427,41.74874385,01.10.11.001.037,1181,AR167101,18/07/2012
44.73173423,41.79027183,01.72.14.043.390,2270,AR125281,23/02/2012
44.75727358,41.67453561,81.02.13.401,1810,AR145474,2/5/2012
44.75674302,41.82678054,72.12.01.402,1265,AR159371,18/06/2012
44.81645945,41.68600381,01.18.04.013.033,715,AR165679,20/07/2012
44.75768698,41.67333643,81.02.13.931,1231,AR165337,11/7/2012
44.78969982,41.82387027,01.11.02.012.033,543,AR185302,11/10/2012
44.83408507,41.72729297,81.21.05.668,617,AR180497,3/10/2012
44.79299514,41.7731747,01.12.01.004.024,1257,AR129198,26/07/2012
44.73232817,41.79029597,01.72.14.043.761,202,AR186296,23/10/2012
44.89405592,41.66700614,01.19.33.002.066,273,AR187480,22/10/2012
44.84739844,41.69994101,01.17.09.007.001,455,AR177878,5/9/2012
44.8420836,41.78542586,72.13.14.371,1239,AR159197,18/06/2012
44.70791805,41.6639984,81.01.06.449,922,AR167721,20/07/2012
44.75450492,41.82580494,72.12.02.059,1798,AR138221,12/4/2012
44.86923108,41.69931419,01.19.36.014.248,499,AR185223,8/10/2012
44.75689892,41.67488385,81.02.13.411,1809,AR143252,2/5/2012
44.82259333,41.69145231,01.17.01.080.020,1869,AR149520,10/5/2012
44.69661444,41.69422306,01.20.01.093.003,677,AR181879,26/09/2012
44.64761178,41.6712966,81.01.98.605,664,AR178671,8/9/2012
44.78678896,41.70375943,01.15.02.013.003,1934,AR141769,17/04/2012
44.77183154,41.7999546,01.72.14.012.114,223,AR190168,2/11/2012
44.76350335,41.73157439,01.10.12.038.026,445,AR182224,17/10/2012
44.78207707,41.82373602,01.11.04.005.041,1688,AR145220,1/5/2012
44.81156367,41.73624519,01.12.14.032.023,1963,AR153113,23/05/2012
44.84094619,41.80901023,72.13.27.522,680,AR183219,26/09/2012
44.79313291,41.72506087,01.13.07.020.019,1133,AR162741,11/7/2012
44.79587026,41.73591464,01.12.12.025.036,33,AR188357,25/10/2012
44.80183803,41.7868906,01.11.12.020.007,1941,AR154039,28/05/2012
44.83984528,41.68480102,01.17.13.050.053,1700,AR142958,21/04/2012
44.79459122,41.740669,01.12.13.001.030,2185,AR129284,13/03/2012
44.7368309,41.78713283,01.72.14.041.319,1421,AR158916,15/06/2012
44.8236223,41.70325566,01.17.02.008.053,1385,AR162871,2/7/2012
44.79805829,41.77398643,01.12.03.029.006,1125,AR172596,11/8/2012
44.91510886,41.63604585,81.05.05.273,43,AR176072,27/08/2012
44.79511103,41.79037526,01.11.04.028.069,697,AR181771,24/09/2012
44.7565238,41.75372688,01.10.18.005.015,2266,AR124485,22/02/2012
44.83244105,41.77421393,72.13.42.064,1788,AR150033,14/05/2012
44.74166082,41.72029301,01.14.03.042.109,1690,AR149617,14/05/2012
44.74115417,41.72016284,01.14.03.042.108,1611,AR142799,3/5/2012
44.74060835,41.72074132,01.14.03.040.092,118,AR183657,28/09/2012
44.70507081,41.69650103,01.20.01.074.008,1461,AR145582,24/05/2012
44.76023743,41.72386429,01.10.14.016.040,704,AR176307,29/08/2012
44.79616381,41.74257438,01.12.11.053.049,379,AR172857,19/08/2012
44.84593175,41.6759624,01.17.14.001.194,1696,AR154739,29/05/2012
44.75745907,41.77719651,01.72.14.033.605,1526,AR158223,14/06/2012
44.74080746,41.71150581,01.14.07.006.004,851,AR168779,24/07/2012
44.74361139,41.73036073,01.14.15.001.095,2036,AR137877,11/4/2012
44.80584914,41.70999532,01.16.06.018.009,1570,AR138410,10/4/2012
44.73492204,41.78833229,01.72.14.042.443,1510,AR157220,8/6/2012
44.66172089,41.68551865,01.20.01.153.005,1292,AR164081,6/7/2012
44.90742954,41.73660419,81.08.03.633,315,AR180666,16/09/2012
44.72411317,41.73125115,01.14.01.001.047,441,AR166621,16/07/2012
44.78079866,41.80513106,01.72.14.012.636,965,AR168295,30/07/2012
44.69248459,41.6947273,01.20.01.096.037,899,AR170444,7/8/2012
44.87143956,41.69023969,01.19.20.010.038,8,AR191915,15/11/2012
44.83036107,41.73202353,81.21.01.975,1067,AR157131,10/6/2012
44.89325691,41.68853276,01.19.19.005.005,906,AR156160,27/06/2012
44.79346862,41.77349139,01.12.01.004.002,2148,AR127114,7/3/2012
44.89252518,41.68676265,01.19.19.005.004,693,AR176674,24/09/2012
44.80932382,41.69888133,01.16.06.062.004,854,AR170518,10/8/2012
44.84921782,41.70194987,01.17.07.036.002,139,AR195502,29/11/2012
44.75812079,41.67377285,81.02.13.476,1473,AR160229,20/06/2012
44.80915721,41.72037864,01.16.02.028.040,45,AR189577,7/11/2012
44.85175903,41.70095332,01.17.07.045.010,1737,AR152218,21/05/2012
44.89449941,41.68976011,01.19.19.003.068,584,AR175474,24/08/2012
44.72227556,41.73152561,01.14.01.001.039,1719,AR142090,18/04/2012
44.78374855,41.78377141,01.13.02.001.029,933,AR174545,30/08/2012
44.75763053,41.77718161,01.72.14.033.609,2147,AR144029,25/04/2012
44.69397058,41.68269195,01.20.01.138.039,1726,AR151714,25/05/2012
44.84084002,41.80901957,72.13.27.521,1918,AR126662,23/03/2012
44.83267316,41.72564279,81.21.05.319,2050,AR133595,29/03/2012
44.86959494,41.70318413,01.19.36.014.268,977,AR162018,12/7/2012
44.72853293,41.72927508,01.14.02.014.003,1732,AR127558,6/3/2012
44.7915064,41.76171352,01.12.07.017.016,1908,AR142226,19/04/2012
44.75640171,41.78893673,01.10.06.013.006,2392,AR170627,21/08/2012
44.83914071,41.68772535,01.17.13.026.059,1672,AR151789,22/05/2012
44.77376518,41.75165456,01.10.10.025.008,1236,AR168385,23/07/2012
44.76506008,41.71723316,01.10.17.022.078,871,AR171975,15/08/2012
44.87380457,41.68880946,01.19.20.024.063,34,AR190761,7/11/2012
44.81711582,41.67651046,01.18.06.006.154,1538,AR153084,23/05/2012
44.81041534,41.7119769,01.16.04.024.007,1873,AR131358,23/03/2012
44.78586187,41.7086948,01.15.03.010.073,134,AR187395,25/10/2012
44.77867432,41.77674651,01.13.02.004.108,908,AR168070,8/8/2012
44.82591642,41.77737294,01.12.05.002.032,1759,AR153114,23/05/2012
44.7938882,41.720326,01.13.07.026.005,1430,AR156173,6/6/2012
44.75932892,41.67449839,81.02.13.975,2203,AR137887,10/4/2012
44.83197179,41.73382932,81.21.99.266,2119,AR136563,4/4/2012
44.78457571,41.75671438,01.12.08.029.007,2127,AR132062,10/4/2012
44.84503589,41.69460343,01.17.08.030.001,2064,AR133322,28/03/2012
44.75525744,41.80099264,01.72.14.005.054,850,AR167993,23/07/2012
44.74183159,41.73236416,01.14.15.001.080,2150,AR142598,23/04/2012
44.8066265,41.80444285,01.11.05.014.014,1866,AR146445,14/05/2012
44.75911139,41.77206988,01.72.14.032.561,970,AR169681,18/08/2012
44.69650159,41.69803181,01.20.01.004.008,1407,AR158413,15/06/2012
44.74075562,41.72755908,01.14.03.007.036,876,AR173968,16/08/2012
44.78501719,41.73633396,01.13.06.006.024,537,AR142984,9/8/2012
44.84051413,41.73130547,81.21.01.991,51,AR198612,17/12/2012
44.89992922,41.71088315,81.08.27.891,552,AR184552,5/10/2012
44.79660665,41.79432539,01.11.04.019.138,1486,AR165307,11/7/2012
44.85209548,41.70120614,01.17.07.045.012,1433,AR157919,13/06/2012
44.74194348,41.78623844,01.72.14.040.350,1950,AR144232,26/04/2012
44.83009372,41.77425422,72.13.42.184,630,AR178734,8/9/2012
44.76682475,41.72522754,01.10.14.029.040,1768,AR150135,5/6/2012
44.92514189,41.70114432,01.19.10.040.028,651,AR176002,30/08/2012
44.8352231,41.72321062,81.21.05.301,622,AR172788,11/8/2012
44.80662707,41.72974282,01.12.13.080.016,2171,AR133278,27/03/2012
44.87804335,41.68989102,01.19.20.017.007,2069,AR138691,12/4/2012
44.8286703,41.77384395,72.13.42.150,711,AR182304,23/09/2012
44.75305115,41.67598585,81.02.13.447,2081,AR137322,6/4/2012
44.92852851,41.7042,01.19.10.038.013,1241,AR162471,3/7/2012
44.82441272,41.73334116,01.12.14.081.016,1419,AR157534,11/6/2012
44.83731081,41.72681571,81.21.05.471,2285,AR111348,13/02/2012
44.69978882,41.7027547,01.20.01.007.001,768,AR171941,7/8/2012
44.7991891,41.77474998,01.12.03.022.011,725,AR181525,20/09/2012
44.72387016,41.71183532,01.14.09.004.018,1598,AR144748,2/5/2012
44.73245053,41.66049428,81.02.01.610,2274,AR121320,14/02/2012
44.87101579,41.69118423,01.19.20.011.002,203,AR187977,2/11/2012
44.73298867,41.70936808,01.14.08.003.004,747,AR172228,27/08/2012
44.74382648,41.73604072,01.14.16.014.054,572,AR170385,14/08/2012
44.69512355,41.68391201,01.20.01.138.025,1368,AR161057,27/06/2012
44.69330585,41.69382798,01.20.01.104.078,1633,AR154814,31/05/2012
44.77980286,41.76899638,01.13.02.008.096,1077,AR166701,17/07/2012
44.83675538,41.81049143,72.13.32.367,492,AR176617,25/09/2012
44.87407914,41.68779317,01.19.20.024.058,1836,AR150423,14/05/2012
44.74405384,41.7359395,01.14.16.014.055,635,AR169952,14/08/2012
44.80622749,41.78788533,01.11.12.020.066,1188,AR163742,4/7/2012
44.76613163,41.78425485,01.72.14.034.723,183,AR193936,26/11/2012
44.72462814,41.72633003,01.14.01.007.095,1327,AR157849,13/06/2012
44.69188813,41.6834826,01.20.01.138.001,422,AR187120,18/10/2012
44.81729293,41.69035049,01.17.01.121.001,137,AR193766,13/12/2012
44.73336259,41.70796163,01.14.08.003.011,13,AR163808,18/07/2012
44.73096023,41.66114127,81.02.01.916,48,AR192289,13/11/2012
44.76740445,41.75470224,01.10.10.022.051,2218,AR129215,9/3/2012
44.84099154,41.67909134,01.17.12.027.003,713,AR161711,26/06/2012
44.91808021,41.64211844,81.05.02.549,453,AR169891,30/07/2012
44.90401411,41.71246035,81.08.27.838,2113,AR123543,21/03/2012
44.69294561,41.68087926,01.20.01.138.002,944,AR172231,9/8/2012
44.75947656,41.78402866,01.72.14.035.303,1143,AR172461,10/8/2012
44.80933184,41.68923423,01.18.03.064.049,619,AR167673,19/07/2012
44.80522199,41.71524547,01.16.03.051.021,1935,AR143464,22/05/2012
44.72812858,41.78699727,01.72.14.044.575,1795,AR157400,11/6/2012
44.85497784,41.68511441,01.17.12.002.064,2110,AR133011,27/03/2012
44.74425663,41.73528482,01.14.16.014.048,382,AR182886,26/09/2012
44.85717599,41.69014893,01.17.09.035.006,1197,AR150917,15/06/2012
44.80512253,41.79348669,01.11.05.033.068,380,AR176577,29/08/2012
44.72727194,41.72812499,01.14.01.006.033,2210,AR131895,21/03/2012
44.68915276,41.69918624,01.20.01.002.012,942,AR171391,29/08/2012
44.81209143,41.69906287,01.16.06.063.079,1729,AR153278,25/05/2012
44.75543724,41.77867791,01.72.14.036.123,1115,AR169397,27/07/2012
44.85156733,41.68199721,01.17.12.004.073,895,AR161036,27/06/2012
44.76483891,41.78598462,01.72.14.034.221,207,AR192991,20/11/2012
44.77681787,41.73326861,01.13.05.004.139,2092,AR144078,26/04/2012
44.82668899,41.78000183,01.11.17.006.565,826,AR178875,11/9/2012
44.79228964,41.68938571,01.15.05.090.014,838,AR171982,8/8/2012
44.71552121,41.71850179,01.14.05.008.151,792,AR174882,22/08/2012
44.78419866,41.75635957,01.12.08.029.002,1090,AR162775,5/7/2012
44.87803588,41.69771638,01.19.20.003.048,1637,AR156316,6/6/2012
44.80987132,41.7925059,01.11.12.018.147,38,AR194055,22/11/2012
44.76272078,41.70755894,01.14.11.029.043,1960,AR150749,15/05/2012
44.7938231,41.70164104,01.15.05.009.002,439,AR188934,26/10/2012
44.82879828,41.77564343,72.13.39.350,417,AR183014,3/10/2012
44.80084056,41.82623802,72.13.35.176,1907,AR141285,18/04/2012
44.75675718,41.72585124,01.10.15.010.003,1475,AR161056,26/06/2012
44.98389324,41.67894854,01.19.27.005.022,2372,AR141552,13/04/2012
44.92091792,41.63568222,81.05.06.306,1122,AR169743,10/8/2012
44.98407482,41.67896403,01.19.27.005.025,794,AR175350,22/08/2012
44.83502452,41.78413802,01.11.13.007.036,967,AR168948,25/07/2012
44.73549895,41.73476815,01.14.16.015.017,1900,AR150986,16/05/2012
44.82041572,41.78014816,01.12.02.009.013,2109,AR126391,13/03/2012
44.7715262,41.77409621,01.13.01.018.231,579,AR177792,12/9/2012
44.77899446,41.72073171,01.10.13.030.012,477,AR175914,25/08/2012
44.76211786,41.78061609,01.72.14.035.334,2166,AR143326,24/04/2012
44.78098356,41.72045248,01.10.13.033.080,620,AR170316,1/8/2012
44.84510545,41.69151588,01.17.08.059.031,1130,AR159982,25/06/2012
44.76961915,41.74916934,01.10.10.022.057,2232,AR127467,6/3/2012
44.83332326,41.72164481,01.16.08.009.015,1141,AR171964,9/8/2012
44.88079917,41.6977397,01.19.20.003.074,1559,AR163767,4/7/2012
44.84127306,41.80860911,72.13.27.549,2278,AR127786,7/3/2012
44.76827385,41.78026984,01.72.14.034.246,1449,AR155160,7/6/2012
44.79773815,41.77649593,01.12.03.018.001,2158,AR129697,13/03/2012
44.70419503,41.70257635,01.20.01.010.157,1496,AR157520,12/6/2012
44.80381731,41.69133931,01.18.03.041.008,351,AR186028,16/10/2012
44.79081743,41.7216729,01.13.07.023.018,2423,AR171325,6/8/2012
44.78050859,41.81046629,01.72.14.010.220,1160,AR167439,19/07/2012
44.7828684,41.78189759,01.13.02.003.022,1259,AR137808,6/4/2012
44.79228487,41.7814039,01.11.19.004.011,1402,AR151923,18/05/2012
44.74093428,41.78599902,01.72.14.040.332,1898,AR146753,8/5/2012
44.84067246,41.73110582,81.21.01.627,1716,AR159342,18/06/2012
44.8497854,41.78527853,72.13.14.325,1372,AR163337,3/7/2012
44.79303228,41.7245249,01.13.07.020.041,1793,AR157268,12/6/2012
44.71891788,41.73743357,01.14.02.003.023,2093,AR145824,3/5/2012
44.79354903,41.72319533,01.13.07.020.040,32,AR199372,21/12/2012
44.76029241,41.71801844,01.10.16.007.121,1491,AR149462,10/5/2012
44.76811325,41.76900571,01.72.14.034.708,735,AR172988,15/08/2012
44.74599186,41.71766647,01.10.16.007.120,2090,AR137585,10/4/2012
44.68902879,41.68065695,01.20.01.139.066,1930,AR154061,28/05/2012
44.80263451,41.71397371,01.16.01.017.006,1903,AR154821,30/05/2012
44.7572582,41.7255009,01.10.15.010.013,504,AR173628,17/08/2012
44.69139855,41.65832664,81.01.05.679,2009,AR150090,16/05/2012
44.75760206,41.71172803,01.14.14.003.149,1375,AR166090,13/07/2012
44.76801557,41.76090931,01.72.14.034.706,866,AR167422,30/08/2012
44.74275712,41.73040046,01.14.15.001.157,1008,AR170892,3/8/2012
44.801184,41.7081111,01.16.05.003.080,1580,AR154808,7/6/2012
44.73343497,41.72796862,01.14.02.025.041,22,AR186876,13/11/2012
44.80413671,41.69750283,01.18.03.011.001,1584,AR161347,2/7/2012
44.81260094,41.73377623,01.12.14.097.046,2131,AR133276,28/03/2012
44.84473023,41.78236602,72.13.12.163,604,AR184470,4/10/2012
44.75573018,41.64692007,81.02.04.894,874,AR173332,15/08/2012
44.76677862,41.71569768,01.10.17.027.079,1157,AR167155,18/07/2012
44.69369376,41.68179616,01.20.01.138.089,216,AR178888,14/09/2012
44.80903243,41.68856732,01.18.03.072.107,2223,AR134812,4/4/2012
44.78253446,41.70925033,01.15.03.013.004,2351,AR157530,10/6/2012
44.8013352,41.69188527,01.15.05.075.009,374,AR187478,22/10/2012
44.81072991,41.73107696,01.12.14.106.004,1728,AR153237,23/05/2012
44.81926188,41.71262578,01.16.04.009.001,1901,AR151814,18/05/2012
44.76156238,41.77871516,01.72.14.035.429,1635,AR155125,5/6/2012
44.77379303,41.75834315,01.13.03.036.004,1329,AR159713,30/06/2012
44.70080186,41.65142148,81.01.04.497,39,AR194322,27/11/2012
44.77072063,41.73012958,01.10.13.015.027,734,AR172980,14/08/2012
44.77387968,41.71428369,01.14.14.007.004,2328,AR168840,26/07/2012
44.69018232,41.68042421,01.20.01.139.050,885,AR168358,31/07/2012
44.73907997,41.72811331,01.14.02.025.055,1112,AR166668,17/07/2012
44.82968895,41.67787365,01.18.05.008.139,2299,AR191775,21/11/2012
44.86298943,41.81001753,72.13.33.181,1179,AR164948,9/7/2012
44.76590259,41.65334717,81.02.05.746,249,AR184978,8/10/2012
44.77371741,41.73141252,01.10.13.003.020,1891,AR131313,22/03/2012
44.75791752,41.71342368,01.14.14.003.130,1718,AR137531,6/4/2012
44.77383197,41.72250238,01.10.13.026.007,2236,AR133012,27/03/2012
44.77216546,41.72916866,01.10.13.015.029,1341,AR123825,7/3/2012
44.90121717,41.71171455,81.08.27.303,766,AR170517,7/8/2012
44.76170533,41.72509122,01.10.14.015.041,512,AR182230,23/09/2012
44.69917259,41.69579841,01.20.01.090.016,334,AR163698,14/07/2012
44.80720985,41.68864232,01.18.03.072.112,2008,AR143409,27/04/2012
44.83428061,41.69319641,01.17.08.044.009,1298,AR170706,2/8/2012
44.77190252,41.72978747,01.10.13.015.031,2168,AR128543,13/03/2012
44.84484315,41.77755886,72.13.13.179,2193,AR129998,13/03/2012
44.77539033,41.77119089,01.13.02.010.042,1353,AR161406,3/7/2012
44.72858298,41.78141662,01.72.14.043.405,1158,AR167178,19/07/2012
44.82944101,41.67779085,01.18.05.008.132,2366,AR138241,30/04/2012
44.72815969,41.78141087,01.72.14.043.408,1095,AR165976,25/07/2012
44.80696273,41.80359442,01.11.05.013.088,414,AR180630,30/09/2012
44.84149732,41.7826896,72.13.11.116,809,AR164145,13/07/2012
44.83748201,41.80791196,72.13.27.377,1211,AR164850,9/7/2012
44.79031086,41.720341,01.13.07.023.004,57,AR197673,11/12/2012
44.72888883,41.78571548,01.72.14.043.400,525,AR181075,18/09/2012
44.87374427,41.679372,01.19.34.002.004,2134,AR137467,6/4/2012
44.81211913,41.67406492,01.18.06.011.065,376,AR187762,31/10/2012
44.92842069,41.66390366,01.19.23.026.014,1506,AR152968,28/05/2012
44.83755853,41.72643529,81.21.05.628,1180,AR166092,13/07/2012
44.84986654,41.70191486,01.17.07.043.026,250,AR186087,25/10/2012
44.77738586,41.81037159,01.72.14.010.226,797,AR179578,11/9/2012
44.84215456,41.72972431,81.21.01.137,153,AR188466,31/10/2012
44.904769,41.65420874,01.18.12.007.003,1747,AR132598,26/03/2012
44.76309786,41.7547811,01.10.10.020.025,1562,AR154054,28/05/2012
44.86879743,41.70887005,01.19.37.016.016,181,AR190403,12/11/2012
44.77254772,41.77577953,01.13.01.018.252,1212,AR165877,13/07/2012
44.73461565,41.78836048,01.72.14.042.550,2118,AR134773,2/4/2012
44.74543702,41.78251921,01.72.14.039.518,1910,AR144903,2/5/2012
44.7623482,41.65433616,81.02.07.419,1621,AR155250,31/05/2012
44.75539082,41.7220939,01.10.15.026.007,1238,AR149196,8/5/2012
44.79920617,41.78336654,01.12.02.015.026,305,AR178725,16/10/2012
44.79761435,41.7383249,01.12.13.003.025,1541,AR158122,13/06/2012
44.82622074,41.78653428,01.11.13.003.018,1354,AR161725,29/06/2012
44.77722238,41.80495982,01.72.14.012.216,1161,AR169516,30/07/2012
44.7625619,41.78136909,01.72.14.035.414,1646,AR153426,28/05/2012
44.60783619,41.68038437,81.01.07.605,2136,AR131643,23/03/2012
44.71309846,41.66044716,81.01.06.502,1393,AR161097,27/06/2012
44.77444831,41.7782584,01.13.01.015.088,308,AR189026,8/11/2012
44.85177476,41.78185665,72.13.29.160,1358,AR162913,2/7/2012
44.83200576,41.72647216,81.21.01.796,1061,AR169704,28/07/2012
44.84408959,41.72817591,81.21.04.661,1856,AR150527,14/05/2012
44.84397351,41.72806627,81.21.04.660,1575,AR151863,19/05/2012
44.7596943,41.78435838,01.72.14.035.470,322,AR186341,15/10/2012
44.913605,41.67005835,01.19.23.009.035,681,AR164036,5/7/2012
44.80323718,41.79006938,01.11.05.037.007,1582,AR157394,11/6/2012
44.74240272,41.72866919,01.14.15.001.193,708,AR181842,22/09/2012
44.71881307,41.77174959,01.72.14.026.155,769,AR173114,15/08/2012
44.76632333,41.72705816,01.10.14.012.003,1083,AR173137,15/08/2012
44.70341908,41.65973809,81.01.05.522,775,AR176323,28/08/2012
44.79279508,41.81636399,01.11.03.003.051,1825,AR154710,31/05/2012
44.74453342,41.76638234,01.72.14.021.126,2181,AR133353,27/03/2012
44.84665678,41.70460417,01.17.07.021.006,1618,AR153126,24/05/2012
44.78214438,41.72918927,01.13.05.010.001,996,AR171417,7/8/2012
44.75650148,41.70731151,01.14.11.049.008,1974,AR149759,10/5/2012
44.76428177,41.82777303,72.12.08.314,2066,AR136896,10/4/2012
44.82005414,41.73424159,01.12.14.070.022,1150,AR164220,9/7/2012
44.76841052,41.70669856,01.14.11.030.015,1919,AR129702,19/03/2012
44.83147106,41.79387946,72.13.10.296,1453,AR161050,26/06/2012
44.77218143,41.80239504,01.72.14.012.619,1616,AR150730,17/05/2012
44.83663785,41.73172409,81.21.04.657,513,AR182924,25/09/2012
44.76844615,41.70124652,01.14.12.003.078,551,AR183255,27/09/2012
44.7976397,41.7381984,01.12.13.003.003,685,AR177782,5/9/2012
44.80871365,41.711679,01.16.04.026.014,1260,AR152362,21/05/2012
44.8517571,41.7061506,01.17.07.011.035,1530,AR133824,30/04/2012
44.76872669,41.71083057,01.14.14.005.055,1388,AR138935,11/4/2012
44.77928677,41.73145357,01.13.05.010.058,2355,AR141556,12/6/2012
44.71063713,41.70876159,01.14.09.008.398,2037,AR149008,8/5/2012
44.80840826,41.72923289,01.12.20.006.028,528,AR183086,29/09/2012
44.91641398,41.62690067,81.05.09.059,624,AR174104,25/08/2012
44.81577531,41.70703906,01.16.04.056.040,403,AR175004,21/08/2012
44.77939354,41.72493659,01.10.13.023.088,2196,AR134503,4/4/2012
44.73376532,41.78687343,01.72.14.042.538,2288,AR110921,27/01/2012
44.82668946,41.73030848,01.12.14.093.015,2174,AR138348,11/4/2012
44.74477943,41.78146611,01.72.14.039.543,556,AR165793,21/08/2012
44.79428293,41.73519668,01.12.12.025.020,306,AR185938,15/10/2012
44.73391814,41.78685442,01.72.14.042.539,912,AR172659,11/8/2012
44.79986892,41.77599441,01.12.03.007.019,1650,AR155571,1/6/2012
44.78980499,41.72290523,01.13.07.019.027,281,AR189314,29/10/2012
44.7606871,41.70889106,01.14.11.019.008,1436,AR159600,19/06/2012
44.75195653,41.67570591,81.02.13.763,396,AR188682,29/10/2012
44.81236666,41.67150624,01.18.06.014.066,1753,AR149281,8/5/2012
44.91286977,41.64091055,81.05.05.032,1632,AR151368,17/05/2012
44.7785601,41.73106145,01.13.05.010.022,2095,AR131665,22/03/2012
44.77201232,41.77528926,01.13.01.018.259,18,AR194796,28/11/2012
44.80049557,41.7710979,01.12.03.032.006,1070,AR162827,3/7/2012
44.92741965,41.70273196,01.19.10.039.025,1096,AR167214,23/07/2012
44.73338028,41.73405354,01.14.16.015.006,2201,AR131330,20/03/2012
44.74648625,41.78564417,01.72.14.039.032,234,AR192886,20/11/2012
44.85450405,41.67935798,01.17.12.035.015,733,AR172828,14/08/2012
44.65505641,41.65578926,81.01.02.441,2038,AR150288,12/5/2012
44.81808728,41.8069377,01.11.11.022.006,1589,AR143442,25/04/2012
44.78385545,41.82220228,01.11.04.007.005,208,AR153572,24/05/2012
44.80895091,41.72721095,01.12.20.037.028,365,AR189742,1/11/2012
44.81609547,41.79758096,01.11.12.011.072,798,AR179628,13/09/2012
44.78580331,41.77232299,01.11.19.006.003,288,AR182520,27/09/2012
44.78541941,41.76322613,01.12.08.014.015,1276,AR165389,10/7/2012
44.77064248,41.70047267,01.15.02.056.082,1979,AR137299,5/4/2012
44.78523057,41.76305785,01.12.08.014.014,2401,AR165389,10/7/2012
44.75377383,41.72578225,01.10.15.011.014,562,AR178833,14/09/2012
44.75387819,41.7255486,01.10.15.011.016,561,AR178832,14/09/2012
44.77517199,41.70316143,01.15.02.055.162,1790,AR152134,18/05/2012
44.77228502,41.71410732,01.14.14.007.003,1134,AR163169,3/7/2012
44.75575775,41.65234282,81.02.07.429,1154,AR164880,8/8/2012
44.78505465,41.70971623,01.15.03.010.001,1724,AR150999,16/05/2012
44.78110768,41.78189908,01.13.01.007.054,1684,AR138669,11/4/2012
44.72910029,41.79024568,01.72.14.044.482,1458,AR131695,21/03/2012
44.77561653,41.80345719,01.72.14.012.244,1612,AR146562,10/5/2012
44.80302905,41.74876844,01.12.10.013.003,225,AR193706,21/11/2012
44.80497469,41.69280982,01.18.03.044.011,190,AR170225,31/07/2012
44.7752641,41.78192065,01.13.01.007.056,1192,AR166020,12/7/2012
44.7671318,41.73153116,01.10.12.040.006,2364,AR149592,16/05/2012
44.78550011,41.76288906,01.12.08.014.009,2342,AR165389,10/7/2012
44.83023017,41.77412832,72.13.42.137,1655,AR159685,25/06/2012
44.75521465,41.70715362,01.14.11.049.016,1567,AR157859,13/06/2012
44.73468015,41.7064413,01.14.08.005.026,937,AR163798,9/8/2012
44.90125694,41.6752983,01.19.22.011.004,1881,AR145509,3/5/2012
44.75768999,41.66313136,81.02.18.025,126,AR192419,16/11/2012
44.76537875,41.7738149,01.72.14.034.359,669,AR172232,9/8/2012
44.76539907,41.7313525,01.10.12.040.008,1558,AR160813,22/06/2012
44.80607755,41.74127857,01.12.14.005.009,240,AR186921,17/10/2012
44.89591763,41.68705811,01.19.21.003.003,1628,AR162686,29/06/2012
44.75633401,41.77627401,01.72.14.033.169,2222,AR136899,4/4/2012
44.83000758,41.82703404,72.13.24.322,343,AR171227,31/08/2012
44.78904661,41.70376106,01.15.02.012.011,2430,AR152453,6/6/2012
44.83747548,41.68350513,01.17.13.050.010,298,AR187208,19/10/2012
44.76838711,41.75599872,01.10.10.006.030,1408,AR158457,14/06/2012
44.92567486,41.69011524,01.19.17.008.027,407,AR185402,26/10/2012
44.7115029,41.70701698,01.14.09.008.411,1228,AR164872,11/7/2012
44.75639298,41.77653825,01.72.14.033.172,62,AR188472,16/11/2012
44.73391831,41.72759662,01.14.02.025.062,195,AR193056,16/11/2012
44.76911993,41.68554548,01.15.07.016.012,1849,AR143407,24/04/2012
44.75573914,41.82352237,72.12.02.199,2154,AR138426,10/4/2012
44.79323879,41.7195212,01.13.07.025.008,1349,AR157939,14/06/2012
44.83922133,41.73664618,01.12.21.001.108,2035,AR137537,5/4/2012
44.7998092,41.77550447,01.12.03.016.018,2190,AR127679,28/03/2012
44.77234865,41.77295676,01.13.01.019.185,1440,AR161294,26/06/2012
44.81252897,41.81259537,72.13.18.395,1360,AR168649,24/07/2012
44.75478586,41.66438592,81.02.12.695,981,AR170868,3/8/2012
44.75466966,41.6644898,81.02.12.694,911,AR170216,31/07/2012
44.76722594,41.77331809,01.72.14.034.345,117,AR171831,10/8/2012
44.92833802,41.70490744,81.08.20.268,831,AR169656,31/07/2012
44.89678216,41.6624696,01.19.33.006.048,1035,AR150011,15/06/2012
44.89364647,41.69069068,01.19.19.003.110,649,AR163821,5/7/2012
44.77754218,41.67609401,81.02.11.780,2301,AR166928,12/10/2012
44.70584694,41.72305299,01.14.05.005.043,1287,AR161039,23/06/2012
44.80366444,41.69312388,01.18.03.038.019,1636,AR155462,5/6/2012
44.82338695,41.68709008,01.17.01.137.008,1664,AR158213,14/06/2012
44.79398576,41.71241063,01.13.08.009.026,675,AR177189,1/9/2012
44.73159938,41.6770245,81.02.02.451,96,AR188333,26/10/2012
44.80428808,41.69269102,01.18.03.038.010,2296,AR190998,8/11/2012
44.74030355,41.72221693,01.14.03.040.234,762,AR177289,3/9/2012
44.91479558,41.62502911,81.05.09.081,88,AR193111,20/11/2012
44.7327805,41.77090058,01.72.14.024.399,1263,AR158662,9/7/2012
44.80975675,41.71883354,01.16.03.016.022,192,AR186915,5/11/2012
44.85469464,41.69879378,01.17.10.002.080,35,AR192695,21/11/2012
44.82178404,41.73453804,01.12.14.044.008,1767,AR146084,8/5/2012
44.926006,41.69288781,01.19.17.005.005,1428,AR134613,4/6/2012
44.78880586,41.7284552,01.13.06.015.012,995,AR170422,9/8/2012
44.79162965,41.74635403,01.12.12.004.036,1250,AR169058,26/07/2012
44.79575104,41.68943934,01.15.05.092.028,314,AR179889,21/09/2012
44.69795713,41.6490787,81.01.04.445,738,AR177039,31/08/2012
44.91879886,41.62544113,81.05.10.124,660,AR173852,21/08/2012
44.81788728,41.80611639,01.11.11.022.054,706,AR176795,30/08/2012
44.75752956,41.67385074,81.02.13.775,176,AR189019,6/11/2012
44.85827992,41.69794514,01.17.10.002.082,1859,AR155686,4/6/2012
44.82086975,41.78045951,01.11.17.004.042,628,AR178030,5/9/2012
44.70442836,41.6582529,81.01.05.769,1638,AR156710,7/6/2012
44.84778261,41.81574537,72.13.29.360,2156,AR139084,19/04/2012
44.73007219,41.72077574,01.14.03.040.214,849,AR151890,18/05/2012
44.78064099,41.76715247,01.13.02.008.105,463,AR186666,16/10/2012
44.93359481,41.69894421,01.19.16.001.031,540,AR178438,7/9/2012
44.80280403,41.79604299,01.11.05.033.053,703,AR174418,21/08/2012
44.87038085,41.68124931,01.19.34.002.051,1627,AR162634,29/06/2012
44.78189855,41.82675652,01.11.01.017.073,1456,AR166429,14/07/2012
44.70490129,41.72311322,01.14.05.005.024,252,AR189426,30/10/2012
44.81459149,41.72947513,01.12.20.009.015,372,AR184498,7/10/2012
44.76901549,41.75728723,01.13.04.004.005,1835,AR150282,11/5/2012
44.76986479,41.79740746,01.72.14.014.570,2277,AR124841,23/02/2012
44.84980794,41.77878681,72.13.30.019,1301,AR149864,30/05/2012
44.81603153,41.71618047,01.16.03.037.025,1493,AR155889,11/6/2012
44.74198334,41.72305275,01.14.03.040.221,335,AR169992,31/07/2012
44.90587673,41.66773581,01.19.33.013.011,1676,AR159634,19/06/2012
44.7330696,41.78846561,01.72.14.043.238,1512,AR157499,12/6/2012
44.73811561,41.7718896,01.72.14.024.256,846,AR178295,8/9/2012
44.79741431,41.77686813,01.12.03.007.021,932,AR172774,11/8/2012
44.78080467,41.80775792,01.72.14.012.567,755,AR167392,12/8/2012
44.70667487,41.69921404,01.20.01.025.024,1957,AR141463,19/04/2012
44.74216451,41.72031297,01.14.03.042.196,449,AR186161,18/10/2012
44.74036304,41.72139615,01.14.03.040.239,648,AR162175,28/06/2012
44.76809462,41.79453278,01.72.14.014.598,115,AR158397,27/09/2012
44.73825911,41.78400975,01.72.14.041.405,1075,AR165527,13/07/2012
44.77330363,41.79958733,01.72.14.012.591,2060,AR149118,8/5/2012
44.81546023,41.67744931,01.18.06.010.010,1152,AR164446,6/7/2012
44.83706124,41.73223485,81.21.00.473,1533,AR150172,11/5/2012
44.74978894,41.78235894,01.72.14.038.368,2074,AR127612,5/3/2012
44.86661959,41.67173273,01.17.14.002.010,2040,AR134697,2/4/2012
44.73704711,41.78240196,01.72.14.041.409,632,AR183383,27/09/2012
44.7737472,41.80277699,01.72.14.012.594,346,AR183207,26/09/2012
44.70576597,41.72314177,01.14.05.005.054,875,AR173367,14/08/2012
44.82079734,41.78591899,01.11.17.003.003,972,AR146756,3/7/2012
44.83790792,41.67907131,01.17.13.056.019,1275,AR165295,10/7/2012
44.76092175,41.76916139,01.72.14.032.202,732,AR170471,14/08/2012
44.80911031,41.70221513,01.16.06.048.031,2281,AR124280,20/02/2012
44.82330666,41.69063773,01.17.01.105.018,1424,AR160247,25/06/2012
44.95869603,41.73620627,81.08.21.447,1928,AR149060,8/5/2012
44.73813356,41.77016378,01.72.14.022.190,2021,AR138128,10/4/2012
44.89888808,41.67873688,01.19.22.008.022,1771,AR152333,30/05/2012
44.79400632,41.71309453,01.13.08.009.024,2033,AR136690,5/4/2012
44.81077879,41.80755561,01.11.05.007.025,429,AR175133,22/08/2012
44.79748092,41.82535345,72.13.37.147,934,AR176157,30/08/2012
44.71643245,41.73938654,01.14.16.007.183,147,AR196451,4/12/2012
44.81600779,41.6952014,01.17.01.019.024,1367,AR161053,26/06/2012
44.79244319,41.7255687,01.13.07.014.013,2333,AR167560,24/07/2012
44.89562625,41.6469198,81.03.12.235,55,AR192761,17/11/2012
44.69760404,41.70047199,01.20.01.018.020,978,AR168520,24/07/2012
44.8208915,41.78425728,01.11.17.004.059,1757,AR152766,24/05/2012
44.80908267,41.71595408,01.16.03.047.020,1922,AR142810,21/04/2012
44.79491545,41.79702356,01.11.04.019.161,1660,AR153363,24/05/2012
44.70796557,41.72103063,01.14.05.006.055,907,AR166474,18/07/2012
44.74409631,41.73008754,01.14.15.008.005,1707,AR153739,28/05/2012
44.76702586,41.72255758,01.10.14.027.025,1951,AR145104,30/04/2012
44.83480125,41.77949708,01.11.17.006.074,297,AR186618,16/10/2012
44.75722849,41.78352738,01.72.14.036.482,1784,AR145848,8/5/2012
44.80529285,41.70856263,01.16.06.026.004,443,AR178149,6/9/2012
44.82454718,41.77920825,01.11.17.006.067,2143,AR131460,21/03/2012
44.76353216,41.78587882,01.72.14.035.516,2242,AR127429,5/3/2012
44.7981475,41.77731671,01.12.03.007.051,1758,AR152892,23/05/2012
44.72747613,41.73214906,01.14.02.010.022,2159,AR130172,28/03/2012
44.75175501,41.6472916,81.02.15.703,423,AR187817,22/10/2012
44.79742167,41.8100538,01.11.03.013.073,1755,AR149656,18/05/2012
44.80345906,41.71787125,01.16.03.002.012,595,AR174836,21/08/2012
44.77605589,41.81706615,01.72.14.007.157,1889,AR153989,30/05/2012
44.6963508,41.649061,81.01.04.427,2197,AR138217,9/4/2012
44.8624686,41.6762909,01.17.11.031.019,716,AR171336,6/8/2012
44.81504997,41.69597897,01.17.01.018.015,1812,AR146412,21/05/2012
44.78593306,41.70263494,01.15.02.039.012,524,AR180597,18/09/2012
44.90111505,41.68651388,01.19.21.003.009,1395,AR161439,25/06/2012
44.70050147,41.69465402,01.20.01.089.060,893,AR176681,3/9/2012
44.8491458,41.80326996,72.13.03.164,1597,AR142411,19/04/2012
44.77983986,41.72593543,01.10.13.016.063,1764,AR136874,4/4/2012
44.81345734,41.71922272,01.16.03.015.020,741,AR166095,13/07/2012
44.90903158,41.66639283,01.19.33.013.037,121,AR189477,12/11/2012
44.73750523,41.78195793,01.72.14.040.411,2247,AR127017,2/3/2012
44.78651726,41.71085457,01.15.03.004.058,1138,AR168802,1/8/2012
44.71029375,41.69881824,01.20.01.029.001,889,AR172813,16/08/2012
44.7744348,41.70146278,01.15.02.055.131,1485,AR164511,9/7/2012
44.74349218,41.73076049,01.14.15.001.103,309,AR190044,2/11/2012
44.75500672,41.70930214,01.14.11.023.032,761,AR177090,31/08/2012
44.82886056,41.77578385,72.13.42.263,358,AR180661,18/09/2012
44.79477076,41.80981809,01.11.03.013.044,155,AR191742,10/11/2012
44.86981497,41.6925485,01.19.36.008.015,1164,AR170993,6/8/2012
44.79019623,41.76051337,01.12.07.019.024,2103,AR131649,22/03/2012
44.90113735,41.67623599,01.19.22.008.005,1165,AR171578,9/8/2012
44.80247803,41.82382039,72.13.35.239,609,AR174509,3/9/2012
44.7589008,41.64606829,81.02.04.769,1420,AR158597,16/06/2012
44.82228472,41.82328771,72.13.19.189,1439,AR160987,26/06/2012
44.8554868,41.68965941,01.17.09.063.005,608,AR170753,2/8/2012
44.85496589,41.6897661,01.17.09.063.002,1423,AR160241,20/06/2012
44.83028455,41.77525713,72.13.42.261,248,AR179945,18/09/2012
44.63342023,41.67648533,81.01.08.474,135,AR190412,5/11/2012
44.63367664,41.67633223,81.01.08.473,1195,AR171437,6/8/2012
44.76469646,41.66023867,81.02.09.739,418,AR183738,2/10/2012
44.64891212,41.64808899,81.01.01.353,568,AR185472,9/10/2012
44.84092308,41.78222271,72.13.11.112,1441,AR165545,16/07/2012
44.71772146,41.73955862,01.14.16.007.157,1209,AR163626,3/7/2012
44.74353968,41.78677248,01.72.14.040.436,542,AR184919,5/10/2012
44.80617862,41.8045712,01.11.05.016.005,1168,AR130421,15/07/2012
44.78768992,41.7605716,01.12.08.016.025,692,AR176044,24/09/2012
44.70783547,41.70053719,01.20.01.012.142,1370,AR162768,2/7/2012
44.80497616,41.80480303,01.11.05.016.002,431,AR179970,17/09/2012
44.84399795,41.67778483,01.17.12.041.035,285,AR133896,28/03/2012
44.76560988,41.71036501,01.14.14.012.027,566,AR184653,4/10/2012
44.91743094,41.64866438,81.05.01.146,659,AR173433,16/08/2012
44.80042882,41.73248509,01.12.13.044.024,1557,AR158732,14/06/2012
44.73449869,41.78196174,01.72.14.041.383,1754,AR149586,10/5/2012
44.7610854,41.68566563,81.02.13.877,1932,AR130352,13/04/2012
44.78124083,41.74954213,01.12.12.001.106,2130,AR132673,27/03/2012
44.86878097,41.69732812,01.19.36.014.130,16,AR193288,18/11/2012
44.75061491,41.66637634,81.02.93.247,1213,AR165897,18/07/2012
44.82012483,41.78577901,01.11.17.003.123,2172,AR134584,5/4/2012
44.7861635,41.76725621,01.12.08.003.056,1778,AR153194,23/05/2012
44.90637355,41.64301839,01.18.13.025.003,569,AR160463,18/07/2012
44.77718392,41.80872188,01.72.14.010.061,1425,AR160878,22/06/2012
44.74298243,41.70976367,01.14.10.002.063,1948,AR142826,24/04/2012
44.75942269,41.73181586,01.10.12.029.010,1011,AR152325,23/07/2012
44.73977793,41.73267404,01.14.15.001.213,244,AR191714,12/11/2012
44.79580349,41.70304019,01.15.04.005.023,1227,AR164834,11/7/2012
44.71493117,41.73925511,01.14.16.007.153,381,AR177786,14/09/2012
44.73691929,41.72237424,01.14.03.038.036,2054,AR149257,9/5/2012
44.78253136,41.74879049,01.12.12.001.115,2019,AR136396,2/4/2012
44.7686453,41.71196496,01.14.14.005.030,67,AR196710,5/12/2012
44.78920459,41.74575414,01.12.12.005.025,311,AR153614,25/05/2012
44.84761005,41.77700696,72.13.13.230,1273,AR164161,31/07/2012
44.80451186,41.80296223,01.11.05.022.029,2124,AR128759,7/3/2012
44.73666936,41.66685851,81.02.01.446,534,AR178715,12/9/2012
44.81650665,41.67861212,01.18.01.003.060,1028,AR164710,7/7/2012
44.76176267,41.76105164,01.72.14.019.077,1474,AR160623,25/06/2012
44.82007714,41.78614731,01.11.17.003.134,1502,AR165190,10/7/2012
44.7781924,41.81710878,01.72.14.007.131,2188,AR132823,26/03/2012
44.80504951,41.71259612,01.16.06.008.008,2260,AR126250,29/02/2012
44.91256549,41.63773509,81.05.00.223,1208,AR163592,6/7/2012
44.78859802,41.72999148,01.13.06.010.022,607,AR169060,13/08/2012
44.73972894,41.78444113,01.72.14.040.236,457,AR180204,20/09/2012
44.80843024,41.70497262,01.16.06.039.011,2293,AR183213,8/10/2012
44.7832146,41.74826469,01.12.12.001.129,70,AR184448,4/10/2012
44.77790837,41.81738927,01.72.14.007.314,1982,AR142427,19/04/2012
44.74080197,41.78555872,01.72.14.040.422,391,AR183551,2/10/2012
44.78981413,41.82780393,01.11.01.013.032,776,AR180094,14/09/2012
44.74076032,41.78518438,01.72.14.040.416,2211,AR136838,3/4/2012
44.85514602,41.68503844,01.17.12.003.143,1602,AR156265,7/6/2012
44.91589927,41.67030643,01.19.23.015.002,1867,AR149431,10/5/2012
44.82220656,41.69014782,01.17.01.140.019,724,AR176362,20/09/2012
44.80493749,41.79064077,01.11.12.019.032,2381,AR123720,15/02/2012
44.77979102,41.70866366,01.15.02.002.002,2164,AR143028,23/04/2012
44.84418154,41.69329682,01.17.08.051.009,301,AR145677,10/5/2012
44.82196196,41.78287565,01.11.17.004.074,369,AR183025,26/09/2012
45.00342937,41.69778712,81.08.12.248,722,AR175550,27/08/2012
44.9258107,41.69044577,01.19.17.008.018,1318,AR146149,13/06/2012
44.72844529,41.71008513,01.14.08.002.013,212,AR189891,1/11/2012
44.88834503,41.7006077,01.19.39.032.020,1492,AR155353,1/6/2012
44.73693683,41.78598209,01.72.14.041.368,458,AR182707,27/09/2012
44.80350132,41.73684177,01.12.13.010.015,143,AR192566,14/11/2012
44.83786154,41.72468092,81.21.05.477,2098,AR134431,3/4/2012
44.79250068,41.75538313,01.12.09.023.002,650,AR165808,11/7/2012
44.78497502,41.72468609,01.13.07.002.028,690,AR166081,15/08/2012
44.85247582,41.68155285,01.17.12.017.006,740,AR181530,19/09/2012
44.79348927,41.75539828,01.12.09.023.012,1459,AR132716,17/05/2012
44.77648816,41.70639452,01.14.11.033.010,1065,AR145489,1/5/2012
44.8221231,41.77214189,01.12.02.024.003,1782,AR143242,23/04/2012
44.73385703,41.72618131,01.14.03.014.003,2076,AR129691,14/03/2012
44.76941447,41.70086189,01.14.12.003.062,1146,AR162067,27/06/2012
44.81380566,41.69814994,01.16.06.070.012,1874,AR134459,23/04/2012
44.77795712,41.68723873,01.15.07.012.008,698,AR182179,24/09/2012
44.78850952,41.76697427,01.12.08.003.068,1468,AR158146,14/06/2012
44.7767071,41.70633447,01.14.11.033.015,2220,AR129695,12/3/2012
44.82980364,41.73541659,81.21.06.048,1230,AR165091,12/7/2012
44.79123767,41.71484375,01.13.08.001.016,950,AR163988,20/07/2012
44.77151981,41.77158274,01.13.01.020.151,397,AR189071,29/10/2012
44.75780895,41.70622905,01.14.11.050.001,1411,AR164148,7/7/2012
44.74741397,41.78144745,01.72.14.038.682,1445,AR137552,6/4/2012
44.78085629,41.72216597,01.10.13.023.042,2097,AR134037,2/4/2012
44.81280331,41.79854647,01.11.12.011.025,1828,AR111056,13/02/2012
44.6894994,41.68655224,01.20.01.135.048,1156,AR166733,17/07/2012
44.8050949,41.72436599,01.16.02.004.002,1178,AR164812,9/7/2012
44.76931693,41.66321658,81.02.10.469,241,AR187869,23/10/2012
44.89589696,41.67147429,01.19.33.001.137,1320,AR152433,24/05/2012
44.7996015,41.734392,01.12.13.032.054,1252,AR169761,31/07/2012
44.84689513,41.67696446,01.17.12.060.030,781,AR142980,3/8/2012
44.71229497,41.7082838,01.14.09.008.178,2004,AR141568,18/04/2012
44.80669032,41.69288924,01.18.03.045.013,550,AR180682,17/09/2012
44.75693346,41.80109525,01.72.14.005.292,1072,AR163641,25/07/2012
44.71247717,41.7082499,01.14.09.008.177,1337,AR164758,7/7/2012
44.76199614,41.78338644,01.72.14.035.368,1448,AR153103,19/06/2012
44.83157167,41.77504796,01.11.17.006.249,974,AR156098,3/7/2012
44.64103763,41.67043504,81.01.00.769,470,AR182084,25/09/2012
44.90662055,41.68678465,01.19.22.002.009,401,AR165894,12/7/2012
44.80278423,41.77584989,01.12.03.012.021,1191,AR165725,11/7/2012
44.77667759,41.70708029,01.14.11.033.008,1631,AR146279,4/5/2012
44.8176972,41.80318498,01.11.11.031.019,1206,AR163242,2/7/2012
44.73259209,41.72447141,01.14.03.019.012,1170,AR151866,17/05/2012
44.81773211,41.80329425,01.11.11.031.018,772,AR175609,24/08/2012
44.80551114,41.73378331,01.12.13.028.001,2151,AR131780,23/03/2012
44.76664095,41.70137559,01.14.12.003.040,1879,AR143958,27/04/2012
44.84841921,41.67822669,01.17.12.029.020,412,AR175854,25/08/2012
44.84112566,41.73082153,81.21.04.397,1802,AR150776,15/05/2012
44.73278237,41.71014809,01.14.07.002.015,2380,AR131773,27/03/2012
44.79339927,41.73564266,01.12.12.023.013,1031,AR168691,27/07/2012
44.87004178,41.69695576,01.19.20.002.021,110,AR192794,15/11/2012
44.85202962,41.69319051,01.17.09.032.001,1163,AR170286,31/07/2012
44.76984385,41.70044127,01.15.02.056.125,1081,AR169419,31/07/2012
44.73605499,41.79099161,01.72.14.042.344,265,AR167592,19/07/2012
44.75093264,41.78557278,01.72.14.038.669,1896,AR145444,7/5/2012
44.88975673,41.69705339,01.19.19.003.088,1121,AR168746,24/07/2012
44.75573542,41.79217955,01.10.06.007.031,1730,AR158170,13/06/2012
44.80350194,41.71322395,01.16.06.006.009,2216,AR129706,14/03/2012
44.84833311,41.67700742,01.17.12.060.029,2184,AR138637,11/4/2012
44.77242486,41.78853873,01.72.14.013.489,1629,AR136639,3/4/2012
44.87198675,41.6903907,01.19.20.010.094,2111,AR133891,30/03/2012
44.77536173,41.81830601,01.72.14.007.197,1091,AR163144,5/7/2012
44.75334733,41.72910782,01.10.15.007.008,1467,AR158130,12/6/2012
44.81859624,41.67802261,01.18.06.008.010,1542,AR158418,15/06/2012
44.81658093,41.7926727,01.11.12.016.061,1693,AR152278,22/05/2012
44.64876836,41.65632288,81.01.01.730,2088,AR129583,13/03/2012
44.83924404,41.69726059,01.17.08.015.019,1174,AR161771,26/06/2012
44.76180993,41.68535356,81.02.13.607,559,AR176917,6/9/2012
44.69847778,41.70277518,01.20.01.007.092,2048,AR129334,14/03/2012
44.81133417,41.70023077,01.16.06.054.027,1942,AR137452,5/4/2012
44.753809,41.67364122,81.02.13.899,2072,AR126465,29/02/2012
44.81830355,41.78487196,01.11.17.003.121,1725,AR151016,22/05/2012
44.84109301,41.6880766,01.17.13.027.060,2272,AR128392,7/3/2012
44.6974826,41.69582954,01.20.01.065.010,340,AR185543,10/10/2012
44.76152216,41.73626192,01.10.12.004.050,1787,AR149830,17/05/2012
44.78791619,41.72627494,01.13.07.009.029,1604,AR156666,8/6/2012
44.81849888,41.73349024,01.12.14.080.034,1431,AR156670,7/6/2012
44.7872365,41.75561262,01.12.08.031.011,979,AR169356,24/08/2012
44.80446863,41.71320926,01.16.06.006.014,275,AR192187,14/11/2012
44.82489226,41.70406436,01.17.02.006.064,1022,AR174759,21/08/2012
44.77070067,41.7098429,01.14.14.011.057,1848,AR142479,26/04/2012
44.79626363,41.69767015,01.15.05.045.007,373,AR184997,6/10/2012
44.79273722,41.7608333,01.12.09.010.012,75,AR192689,19/11/2012
44.98388472,41.67798848,01.19.27.009.006,440,AR149488,14/05/2012
44.82648624,41.68593309,01.17.13.043.015,231,AR184531,4/10/2012
44.75200384,41.66458535,81.02.12.618,1094,AR165884,12/7/2012
44.81205572,41.78200364,01.12.02.004.048,2233,AR127373,7/3/2012
44.83229629,41.81439982,72.13.32.262,1185,AR145583,12/7/2012
44.90085877,41.71161436,81.08.27.364,1622,AR155812,4/6/2012
44.76256873,41.7234293,01.10.14.022.007,100,AR194157,22/11/2012
44.96878181,41.69471253,81.08.16.145,1851,AR145941,2/5/2012
44.79718286,41.79383834,01.11.04.027.033,1144,AR158283,15/06/2012
44.82839787,41.77661925,01.11.17.006.013,1912,AR146017,5/5/2012
44.76747424,41.77425143,01.72.14.034.660,1401,AR144137,27/04/2012
44.77112732,41.71454458,01.14.14.006.007,808,AR145017,20/08/2012
44.84055225,41.73251542,81.21.01.899,1805,AR153117,28/05/2012
44.81797705,41.80362952,01.11.11.028.022,1040,AR164987,25/07/2012
44.77500681,41.70965496,01.14.14.011.060,855,AR172087,14/08/2012
44.85489549,41.69018109,01.17.09.063.019,1644,AR150460,14/05/2012
44.69478067,41.68603408,01.20.01.134.025,1505,AR148913,5/6/2012
44.89025364,41.66966459,01.19.35.004.015,1964,AR131929,22/03/2012
44.82407447,41.78367256,01.11.17.004.035,1647,AR155099,12/6/2012
44.90834867,41.67334177,01.19.22.006.036,1078,AR166983,19/07/2012
44.81086819,41.81478185,72.13.18.342,2102,AR126579,2/3/2012
44.75435532,41.72175843,01.10.15.025.046,1994,AR127359,6/3/2012
44.84336661,41.78299677,72.13.12.363,2194,AR131767,22/03/2012
44.80067621,41.81366434,01.11.03.005.018,655,AR182819,28/09/2012
44.72906649,41.72126724,01.14.04.017.004,833,AR173662,17/08/2012
44.80141088,41.73679003,01.12.13.010.051,1494,AR157254,15/06/2012
44.77044118,41.6649321,81.02.10.444,228,AR177282,8/9/2012
44.80047603,41.81359919,01.11.03.005.019,1472,AR159195,21/06/2012
44.77248844,41.71805565,01.10.17.013.003,959,AR152276,19/05/2012
44.91167836,41.6357546,81.05.05.653,235,AR176855,31/08/2012
44.74832059,41.73374407,01.14.15.003.027,1623,AR157053,8/6/2012
44.65403752,41.65521096,81.01.02.601,1954,AR131236,22/03/2012
44.77195174,41.77609925,01.13.01.018.300,287,AR176611,11/9/2012
44.87013946,41.68638315,01.19.36.001.169,93,AR175888,26/09/2012
44.80678686,41.72119849,01.16.02.016.002,1531,AR149074,10/5/2012
44.83346976,41.68131839,01.18.05.006.033,464,AR186898,22/10/2012
44.76884236,41.73002725,01.10.13.012.044,1544,AR158808,14/06/2012
44.63953708,41.65198258,81.01.00.576,1026,AR160113,21/06/2012
44.78042422,41.80449804,01.72.14.012.578,1268,AR162212,2/7/2012
44.83822661,41.73247046,81.21.04.605,1786,AR149480,11/5/2012
44.76919157,41.70009231,01.15.01.002.002,954,AR170126,31/07/2012
44.74875092,41.7339436,01.14.15.003.020,1348,AR157095,11/6/2012
44.74869008,41.783761,01.72.14.038.563,1369,AR161849,27/06/2012
44.82044362,41.82302267,72.13.19.254,1765,AR137809,20/04/2012
44.87468051,41.67037936,01.17.11.026.056,175,AR188294,24/10/2012
44.89839238,41.71834207,81.08.26.477,1774,AR152741,22/05/2012
44.79887388,41.73612338,01.12.13.022.002,1079,AR167948,23/07/2012
44.92016605,41.62253646,81.05.11.182,1100,AR168461,9/8/2012
44.91839692,41.63175307,81.05.05.715,1437,AR160575,23/06/2012
44.78791802,41.72515599,01.13.07.011.011,547,AR171963,9/8/2012
44.8693475,41.70842245,01.19.37.016.105,857,AR173519,16/08/2012
44.78375169,41.70384341,01.15.02.034.007,2208,AR131040,21/03/2012
44.79644631,41.76574465,01.12.06.018.007,515,AR184241,4/10/2012
44.76625176,41.73404989,01.10.12.023.017,1415,AR151406,21/05/2012
44.87171954,41.70745347,01.19.39.012.011,835,AR175959,1/9/2012
44.76659612,41.81358007,01.72.14.006.067,2235,AR128112,7/3/2012
44.83355148,41.6904878,01.17.13.004.008,260,AR185347,24/10/2012
44.7912151,41.71011337,01.13.08.010.006,434,AR182280,2/10/2012
44.81000594,41.81445879,72.13.18.338,923,AR168091,26/07/2012
44.76293513,41.73285818,01.10.12.034.016,2199,AR131117,20/03/2012
44.83309581,41.77753396,01.11.17.006.282,2170,AR133238,27/03/2012
44.66871287,41.68376054,01.20.01.147.014,1661,AR154121,30/05/2012
44.8303544,41.73270599,81.21.05.590,2007,AR143379,24/04/2012
44.84097031,41.80400286,72.13.01.314,1640,AR156782,7/6/2012
44.76591449,41.7176243,01.10.16.006.118,791,AR174806,21/08/2012
44.82601816,41.77809664,01.11.17.006.280,1537,AR152747,25/05/2012
44.81210401,41.70474546,01.16.07.002.018,1766,AR143558,24/04/2012
44.8352811,41.67923254,01.18.05.007.034,173,AR186368,14/10/2012
44.76597058,41.76483897,01.72.14.034.034,2005,AR141805,18/04/2012
44.82743045,41.77721232,01.11.17.006.442,1986,AR145029,2/5/2012
44.74487147,41.77747462,01.72.14.033.237,2205,AR127487,12/3/2012
44.7684778,41.70456404,01.14.11.058.051,12,AR154158,23/07/2012
44.77254167,41.70576698,01.14.11.037.009,2396,AR132638,29/03/2012
44.76504971,41.71552624,01.10.17.027.102,491,AR175676,24/08/2012
44.76987732,41.75443454,01.10.10.025.050,1351,AR160132,3/7/2012
44.79187546,41.69768835,01.15.05.032.002,1551,AR153469,25/05/2012
44.74854911,41.78607679,01.72.14.038.544,2268,AR124066,22/02/2012
44.83120188,41.77173485,72.13.42.226,1971,AR142532,21/04/2012
44.96493978,41.73369752,81.08.06.487,1560,AR132084,23/03/2012
44.81369756,41.70881671,01.16.04.043.027,810,AR164723,13/07/2012
44.74803281,41.65823978,81.02.12.493,120,AR189345,30/10/2012
44.64641485,41.65027517,81.01.01.754,1076,AR166302,25/07/2012
44.80935934,41.78909825,01.11.12.021.054,1752,AR145933,4/5/2012
44.75112882,41.728354,01.10.15.006.062,1670,AR138315,17/04/2012
44.83073437,41.69064652,01.17.13.019.016,1692,AR152120,21/05/2012
44.81481273,41.80200115,01.11.11.034.032,1092,AR163739,5/7/2012
44.77253571,41.71631141,01.10.17.037.014,1504,AR146268,7/5/2012
44.82548867,41.73322497,01.12.14.084.022,168,AR175375,25/08/2012
44.77765802,41.80523147,01.72.14.012.552,980,AR170673,6/8/2012
44.83444109,41.76933722,72.13.40.355,2053,AR142206,18/04/2012
44.83059434,41.69060545,01.17.13.019.015,2261,AR127555,21/03/2012
44.82980316,41.77518518,72.13.42.229,2123,AR144197,27/04/2012
44.84339048,41.78061584,72.13.11.445,626,AR177644,5/9/2012
44.8304581,41.77380495,72.13.42.236,917,AR150237,14/05/2012
44.83228166,41.77228937,72.13.42.241,1132,AR162455,10/7/2012
44.75323644,41.70754114,01.14.11.046.007,1454,AR161416,26/06/2012
44.79109536,41.75713413,01.12.09.021.048,279,AR187632,22/10/2012
44.83145654,41.77576469,01.11.17.006.474,1074,AR164682,7/7/2012
44.76016766,41.75754291,01.10.10.010.020,1736,AR151489,18/05/2012
44.822252,41.69254505,01.17.01.076.005,748,AR175532,24/08/2012
44.79123099,41.69650562,01.15.06.001.008,200,AR181512,23/10/2012
44.77060439,41.71195393,01.14.14.005.158,2331,AR173410,15/08/2012
44.85044406,41.69727733,01.17.09.015.010,998,AR173295,14/08/2012
44.83233922,41.6852698,01.17.13.047.001,150,AR181830,21/09/2012
44.74767173,41.72396423,01.10.16.001.019,312,AR176149,2/9/2012
44.8717254,41.70642844,01.19.39.012.034,770,AR173176,20/08/2012
44.77281047,41.74068625,01.13.05.001.056,2321,AR169770,1/8/2012
44.75916387,41.78828603,01.10.06.014.025,820,AR174110,16/08/2012
44.76030031,41.71823542,01.10.16.004.020,1457,AR128114,8/5/2012
44.81927967,41.68572526,01.18.04.005.001,1947,AR142454,1/5/2012
44.75835479,41.78785043,01.10.06.014.028,1155,AR166080,13/07/2012
44.84316391,41.69278292,01.17.08.032.017,368,AR181626,24/09/2012
44.83145027,41.81179241,72.13.27.494,378,AR189569,31/10/2012
44.77771259,41.80852431,01.72.14.010.055,450,AR187765,23/10/2012
44.76462065,41.77993249,01.72.14.034.186,149,AR181330,27/09/2012
44.80097114,41.70100771,01.15.04.006.015,2378,AR131318,20/03/2012
44.81857614,41.69682152,01.17.01.024.025,436,AR183413,27/09/2012
44.89998354,41.71645612,81.08.26.525,185,AR182229,2/10/2012
44.77169628,41.70426386,01.14.11.062.005,2240,AR128632,8/3/2012
44.86935713,41.70318338,01.19.36.014.339,1654,AR159201,18/06/2012
44.76121599,41.78065579,01.72.14.035.595,1037,AR158596,13/06/2012
44.80093972,41.70104006,01.15.04.006.017,2217,AR131318,20/03/2012
44.76247937,41.8285467,72.12.07.007,489,AR186687,18/10/2012
44.78071861,41.72359761,01.10.13.023.131,1615,AR150687,14/05/2012
44.85258029,41.69990493,01.17.07.031.034,1740,AR152827,23/05/2012
44.81441695,41.8017131,01.11.11.034.016,1446,AR150170,29/05/2012
44.8052381,41.70636853,01.16.05.018.015,360,AR182790,26/09/2012
44.84264919,41.78173277,72.13.11.199,1620,AR154885,30/05/2012
44.79263826,41.75310474,01.12.09.027.012,1870,AR149572,14/05/2012
44.83856974,41.78320452,72.13.11.428,1047,AR154117,28/05/2012
44.76035222,41.78784084,01.10.06.014.015,1219,AR133204,28/03/2012
44.84123811,41.79488458,72.13.43.025,1045,AR138110,18/05/2012
44.82651671,41.73412586,01.12.14.063.005,2026,AR126004,1/3/2012
44.79316174,41.81429861,01.11.03.008.091,256,AR174055,17/08/2012
44.85550379,41.6992591,01.17.07.031.035,169,AR178073,19/09/2012
44.75774049,41.78788873,01.10.06.014.018,1515,AR158185,12/6/2012
44.80785504,41.72488653,01.12.20.054.011,1005,AR168904,26/07/2012
44.81076335,41.80817011,01.11.05.005.043,1926,AR146704,7/5/2012
44.82963739,41.68092898,01.18.05.005.061,634,AR150752,15/08/2012
44.76437174,41.7590516,01.72.14.019.343,1003,AR167073,18/07/2012
44.78802264,41.706632,01.15.03.024.004,1885,AR150039,14/05/2012
44.77726866,41.67564249,81.02.11.516,1565,AR156742,7/6/2012
44.91610638,41.6630896,01.19.32.001.025,1274,AR165283,10/7/2012
44.69113516,41.65744593,81.01.05.817,1403,AR155120,7/6/2012
44.78058321,41.73040338,01.13.05.010.043,2177,AR132388,23/03/2012
44.77241705,41.81699345,01.72.14.007.435,1938,AR150941,15/05/2012
44.83665915,41.68806435,01.17.13.029.007,780,AR129285,5/4/2012
44.82645518,41.73399193,01.12.14.063.006,2362,AR133367,29/03/2012
44.77060754,41.71184212,01.14.14.005.157,1084,AR173410,15/08/2012
44.70156008,41.72128956,01.14.05.003.004,390,AR173908,16/08/2012
44.79408311,41.75188915,01.12.09.034.010,1642,AR134118,15/05/2012
44.77421156,41.74491589,01.13.04.018.041,997,AR172364,18/08/2012
44.83878081,41.78631674,72.13.10.436,462,AR186519,22/10/2012
44.77934391,41.73133971,01.13.05.010.059,2408,AR141556,12/6/2012
44.76557937,41.70726883,01.14.11.029.070,1662,AR154346,30/05/2012
44.81649203,41.71935557,01.16.03.014.014,1958,AR142289,19/04/2012
44.83892573,41.78640996,72.13.10.435,454,AR173178,14/08/2012
44.83369272,41.68375004,01.17.13.040.064,642,AR178349,6/9/2012
44.75622445,41.7313696,01.10.12.031.008,994,AR170241,1/8/2012
44.84502001,41.7319795,81.21.04.672,1346,AR168515,25/07/2012
44.75270501,41.65134574,81.02.07.463,571,AR163939,13/07/2012
44.7791044,41.73156212,01.13.05.010.057,1549,AR141556,12/6/2012
44.86457201,41.6943146,01.17.10.005.050,565,AR181625,25/09/2012
44.77459754,41.7771956,01.13.01.017.015,817,AR171564,7/8/2012
44.7766752,41.70859057,01.14.11.009.018,1398,AR165795,12/7/2012
44.82589746,41.67969066,01.18.05.001.029,402,AR166363,23/07/2012
44.7529915,41.707048,01.14.11.046.016,290,AR186241,15/10/2012
44.79084199,41.75171196,01.12.09.030.033,1545,AR159027,15/06/2012
44.77975858,41.73142595,01.13.05.010.060,2443,AR141556,12/6/2012
44.77839876,41.81038051,01.72.14.010.027,367,AR179158,9/10/2012
44.77898943,41.81016786,01.72.14.010.029,405,AR183767,5/10/2012
44.77938201,41.73173923,01.13.05.010.061,2431,AR141556,12/6/2012
44.78059128,41.72922,01.13.05.010.074,1476,AR164462,9/7/2012
44.7897795,41.72291528,01.13.07.019.028,2300,AR189314,29/10/2012
44.76669512,41.71225375,01.14.14.005.123,647,AR185182,8/10/2012
44.77314261,41.77737494,01.13.01.017.011,948,AR137909,7/4/2012
44.82534225,41.77884771,01.11.17.006.112,2169,AR132397,31/03/2012
44.71550672,41.7387873,01.14.16.007.147,264,AR188744,28/10/2012
44.75853386,41.79052028,01.10.06.008.028,1888,AR153656,29/05/2012
44.75321696,41.73262618,01.14.15.004.015,687,AR181049,25/09/2012
44.86894833,41.67195519,01.17.11.027.039,1177,AR164329,6/7/2012
44.76382984,41.75552526,01.10.10.015.027,941,AR170489,2/8/2012
44.80306548,41.7078992,01.16.05.017.013,237,AR179766,22/10/2012
44.775233,41.70829918,01.14.11.009.014,1669,AR137437,5/4/2012
44.90646799,41.70675236,81.08.29.205,258,AR182217,24/09/2012
44.77977785,41.75443293,01.13.03.050.008,1140,AR171354,6/8/2012
44.89056711,41.66444497,01.19.33.004.054,1601,AR156047,4/6/2012
44.77516804,41.68481633,01.15.07.019.002,262,AR187236,18/10/2012
44.80689701,41.67361738,01.18.06.012.010,473,AR187169,20/10/2012
44.92389961,41.66178185,01.19.32.001.015,1118,AR166479,20/07/2012
44.82937658,41.68169067,01.18.05.004.022,2228,AR133189,3/4/2012
44.76239236,41.72379517,01.10.14.017.017,253,AR192435,13/11/2012
44.80341859,41.77835163,01.12.03.003.026,726,AR181555,20/09/2012
44.77664286,41.80206529,01.72.14.012.161,1299,AR143804,26/04/2012
44.77277687,41.74095431,01.13.05.001.062,757,AR169770,1/8/2012
44.74444632,41.78598737,01.72.14.039.451,109,AR191799,14/11/2012
44.90632442,41.70654559,81.08.29.204,2230,AR134502,30/03/2012
44.84430054,41.6926503,01.17.08.050.011,2014,AR132399,3/4/2012
44.75004981,41.78133582,01.72.14.038.655,1677,AR160364,21/06/2012
44.82265751,41.77580012,01.12.02.010.015,1464,AR152308,21/05/2012
44.82904692,41.73368303,81.21.05.594,905,AR155542,1/6/2012
44.81788969,41.79292889,01.11.12.015.048,359,AR182286,25/09/2012
44.8222459,41.80849056,01.11.11.019.045,2002,AR134718,2/4/2012
44.72993229,41.73708155,01.14.16.009.109,505,AR174511,4/9/2012
44.81906287,41.71116433,01.16.04.029.023,1742,AR153153,23/05/2012
44.85099328,41.69789816,01.17.09.015.046,824,AR174989,22/08/2012
44.83981426,41.73053811,81.21.04.448,636,AR170409,16/08/2012
44.82242727,41.80838304,01.11.11.019.041,601,AR179932,13/09/2012
44.77240165,41.740571,01.13.05.001.063,2393,AR169770,1/8/2012
44.83054678,41.67934339,01.18.05.005.043,17,AR193375,24/11/2012
44.74463076,41.71374777,01.14.07.008.081,696,AR181561,19/09/2012
44.85160738,41.69094314,01.17.09.042.010,1128,AR155236,6/6/2012
44.7539685,41.78397407,01.72.14.037.483,1517,AR159310,19/06/2012
44.75661012,41.80088417,01.72.14.005.303,2125,AR131386,23/03/2012
44.76405876,41.81191929,01.72.14.006.370,836,AR178885,10/9/2012
44.9419489,41.68350341,01.19.25.007.009,988,AR161043,25/06/2012
44.75216099,41.78448624,01.72.14.038.626,2294,AR182341,25/09/2012
44.82748812,41.80498599,01.11.10.008.060,924,AR168837,25/07/2012
44.80312101,41.69809248,01.15.04.020.022,1499,AR159799,19/06/2012
44.87157873,41.68108115,01.19.34.002.066,172,AR185066,8/10/2012
44.82313081,41.67850228,01.18.06.005.025,1248,AR167863,23/07/2012
44.75624937,41.70806162,01.14.11.027.014,233,AR189462,31/10/2012
44.76217697,41.66741991,81.02.10.509,926,AR171329,10/8/2012
44.764499,41.71870103,01.10.16.006.006,2273,AR116483,6/2/2012
44.83300521,41.79858194,01.11.12.005.141,881,AR177902,5/9/2012
44.78686944,41.70511218,01.15.02.010.032,1311,AR163269,3/7/2012
44.71390606,41.66200061,81.01.06.387,2182,AR133510,28/03/2012
44.83829311,41.73434487,81.21.04.404,2041,AR138617,18/04/2012
44.76010257,41.70732681,01.14.11.055.023,2104,AR133923,30/03/2012
44.79207297,41.75755532,01.12.09.018.021,610,AR175204,22/08/2012
44.80057939,41.80299264,01.11.05.019.016,349,AR184960,9/10/2012
44.75014497,41.72254198,01.10.16.004.066,2023,AR145534,7/5/2012
44.73304582,41.71994361,01.14.03.040.274,2263,AR125537,1/3/2012
44.7164289,41.70680524,01.14.09.008.297,1746,AR127337,6/3/2012
44.76514336,41.77037098,01.72.14.034.371,1201,AR159271,21/06/2012
44.72315928,41.72257311,01.14.04.022.013,2207,AR130251,19/03/2012
44.72297723,41.72261855,01.14.04.022.017,1573,AR146092,4/5/2012
44.77461166,41.673086,81.02.11.605,2215,AR129655,16/03/2012
44.79926721,41.75025462,01.12.11.010.011,1751,AR143549,25/04/2012
44.82073832,41.78377339,01.11.17.004.113,1552,AR153732,28/05/2012
44.79114495,41.7188704,01.13.07.025.014,1089,AR161846,25/07/2012
44.73806719,41.78581308,01.72.14.041.113,901,AR172331,9/8/2012
44.80303318,41.76814169,01.12.06.004.009,1038,AR160206,21/06/2012
44.79672954,41.71533483,01.16.01.011.015,754,AR165319,6/8/2012
44.69214599,41.69815032,01.20.01.046.008,2316,AR171462,13/08/2012
44.75810464,41.70933935,01.14.11.021.004,783,AR163271,3/7/2012
44.84279402,41.68775289,01.17.12.001.062,2248,AR132228,26/03/2012
44.90123509,41.71272098,81.08.27.141,336,AR176618,3/9/2012
44.81596653,41.68680885,01.18.04.015.045,160,AR181899,20/09/2012
44.82921836,41.68171653,01.18.05.004.029,1792,AR156912,7/6/2012
44.76582355,41.78360413,01.72.14.034.677,533,AR176500,14/09/2012
44.76968486,41.70564068,01.14.11.040.017,1865,AR146037,3/5/2012
44.69195552,41.69818572,01.20.01.046.007,621,AR171462,13/08/2012
44.79781339,41.69284948,01.15.05.068.017,28,AR193178,29/11/2012
44.74018634,41.72303692,01.14.03.040.270,1302,AR154127,28/05/2012
44.77748499,41.71340922,01.14.14.009.044,1256,AR170703,1/8/2012
44.86875248,41.69114335,01.19.36.004.016,1027,AR164171,28/07/2012
44.75661154,41.78692313,01.72.14.036.557,266,AR173636,17/08/2012
44.91573233,41.62686403,81.05.09.369,2369,AR144894,30/04/2012
44.83134639,41.775636,01.11.17.006.469,1365,AR160296,28/06/2012
44.90905045,41.65641276,01.19.33.019.062,1023,AR174833,21/08/2012
44.83591324,41.72557361,81.21.05.525,1548,AR134741,25/05/2012
44.86994373,41.69167574,01.19.36.004.031,2202,AR132703,26/03/2012
44.91446063,41.63413761,81.05.05.332,20,AR199367,20/12/2012
44.83065555,41.79460833,01.11.12.005.129,1667,AR128796,12/3/2012
44.84230091,41.80804792,72.13.02.370,1904,AR112745,22/03/2012
44.80043317,41.80436172,01.11.05.019.004,1059,AR167980,23/07/2012
44.80274475,41.77714711,01.12.03.010.024,1225,AR164828,10/7/2012
44.75839472,41.78200385,01.72.14.036.553,128,AR196185,6/12/2012
44.79109552,41.80579464,01.11.04.019.004,1844,AR138140,8/5/2012
44.78929719,41.70261699,01.15.05.002.008,36,AR193798,21/11/2012
44.7691375,41.70622664,01.14.11.042.012,1834,AR145639,2/5/2012
44.84755127,41.69596036,01.17.09.008.023,592,AR171790,13/08/2012
44.76654663,41.66207711,81.02.09.615,1422,AR159210,15/06/2012
44.90849528,41.67742887,01.19.22.005.001,53,AR187398,18/10/2012
44.83126559,41.79484915,01.11.12.005.135,1543,AR158717,14/06/2012
44.84019165,41.73104989,81.21.01.382,756,AR169639,31/07/2012
44.78459801,41.72743601,01.13.05.013.015,1489,AR167004,17/07/2012
44.83149361,41.80563429,01.11.10.006.025,2341,AR133192,26/03/2012
44.74452386,41.71382026,01.14.07.008.090,691,AR168079,8/8/2012
44.76740109,41.70614091,01.14.11.042.014,1536,AR151883,17/05/2012
44.75563132,41.70648776,01.14.11.048.027,1940,AR153870,26/05/2012
44.75764577,41.77744985,01.72.14.033.547,2017,AR150043,15/05/2012
44.72773113,41.72237922,01.14.04.018.010,318,AR184333,4/10/2012
44.81805023,41.79261458,01.11.12.015.087,2304,AR182286,25/09/2012
44.81301563,41.80708237,01.11.05.011.143,364,AR186297,14/10/2012
44.81610114,41.8256209,72.13.34.301,507,AR178786,21/09/2012
44.8037938,41.72442519,01.16.02.002.024,1447,AR152458,23/05/2012
44.82513003,41.70541997,01.17.02.006.032,1593,AR162383,29/06/2012
44.75670352,41.80097909,01.72.14.005.302,2126,AR131396,23/03/2012
44.73976039,41.72682016,01.14.03.011.001,913,AR172893,13/08/2012
44.77350248,41.77728803,01.13.01.017.050,1041,AR168537,25/07/2012
44.80982815,41.79140283,01.11.12.018.026,1063,AR172778,14/08/2012
44.80673053,41.72401103,01.16.02.002.023,495,AR182264,23/09/2012
44.9813979,41.68114244,01.19.27.002.049,2191,AR128120,6/3/2012
44.79613803,41.73962617,01.12.13.015.012,1820,AR142275,28/04/2012
44.98246126,41.68276777,01.19.27.002.047,1821,AR145626,2/5/2012
44.83721805,41.73276138,81.21.04.785,930,AR172242,10/8/2012
44.97872402,41.67857874,01.19.27.007.039,1417,AR153418,24/05/2012
44.81637835,41.73753866,01.12.14.014.002,1777,AR153102,22/05/2012
44.78005907,41.75758863,01.13.03.010.035,1973,AR149648,10/5/2012
44.69403568,41.6962504,01.20.01.061.014,1734,AR143319,15/05/2012
44.75030719,41.72395285,01.10.16.002.001,2160,AR130233,21/03/2012
44.80678097,41.71788121,01.16.03.005.019,1310,AR162849,2/7/2012
44.8990089,41.69940304,01.19.18.001.024,1498,AR159314,20/06/2012
44.75536714,41.71118495,01.14.11.001.006,2011,AR152865,23/05/2012
44.77315383,41.80220814,01.72.14.012.399,1547,AR131612,22/03/2012
44.70124976,41.70063339,01.20.01.016.088,678,AR182227,26/09/2012
44.75970878,41.76688307,01.72.14.020.322,347,AR184247,2/10/2012
44.81027404,41.72642583,01.12.20.049.005,1685,AR143893,26/04/2012
44.68990472,41.68749263,01.20.01.129.041,1232,AR165359,12/7/2012
44.89987739,41.67677248,01.19.22.008.056,1262,AR156525,6/6/2012
44.83676238,41.72378005,81.21.05.416,1255,AR170680,1/8/2012
44.83863031,41.73276109,81.21.04.752,2229,AR126027,6/3/2012
44.81274116,41.72557132,01.16.02.007.011,1610,AR142315,20/04/2012
44.94721563,41.69267579,01.19.16.003.002,1519,AR162590,29/06/2012
44.79325394,41.71969257,01.13.07.025.043,2085,AR146004,3/5/2012
44.69998667,41.70167561,01.20.01.016.085,1801,AR150069,11/5/2012
44.77482279,41.76240498,01.13.03.023.029,1479,AR149201,15/05/2012
44.81308943,41.79185989,01.11.12.018.008,2068,AR137869,6/4/2012
44.91562235,41.62676077,81.05.09.370,2416,AR144894,30/04/2012
44.80965075,41.79612485,01.11.05.029.127,1603,AR156333,6/6/2012
44.83629155,41.73433856,81.21.06.121,1794,AR157288,11/6/2012
44.83458142,41.67306466,01.18.09.005.023,1720,AR144489,28/04/2012
44.75993467,41.68324782,81.02.20.008,633,AR183824,29/09/2012
44.72776977,41.72766082,01.14.02.022.030,1989,AR152275,21/05/2012
44.76651414,41.65278672,81.02.05.492,1224,AR162893,1/7/2012
44.69889936,41.68834722,01.20.01.120.055,204,AR188144,25/10/2012
44.84642098,41.78310947,72.13.12.074,862,AR178402,11/9/2012
44.79691225,41.76778428,01.12.07.005.015,1556,AR157982,13/06/2012
44.83515562,41.73175403,81.21.04.780,961,AR167115,25/07/2012
44.79937312,41.71323025,01.16.01.019.013,61,AR186488,25/10/2012
44.83326317,41.73438477,81.21.06.311,654,AR178541,7/9/2012
44.84001958,41.80679362,72.13.27.203,653,AR177942,5/9/2012
44.84543873,41.69070682,01.17.08.060.016,446,AR182302,25/09/2012
44.88590671,41.70259094,01.19.39.023.027,2032,AR136592,13/04/2012
44.83335676,41.73445997,81.21.06.310,435,AR182645,26/09/2012
44.84361818,41.73180599,81.21.04.433,511,AR181558,20/09/2012
44.89993228,41.67851046,01.19.22.008.048,1200,AR159188,16/06/2012
44.87894908,41.67371122,01.19.35.001.005,1480,AR155030,1/6/2012
44.73226666,41.72284291,01.14.03.039.005,2155,AR128298,6/3/2012
44.79673879,41.743184,01.12.11.047.004,821,AR174437,19/08/2012
44.6983212,41.70131419,01.20.01.017.011,229,AR179809,29/10/2012
44.77040234,41.72488639,01.10.14.030.011,2326,AR159145,16/07/2012
44.81229877,41.69700219,01.16.06.065.031,1223,AR162239,29/06/2012
44.95083953,41.68976857,01.19.25.001.133,956,AR170734,2/8/2012
44.75480121,41.78556458,01.72.14.037.457,729,AR161070,25/06/2012
44.83859608,41.72440943,81.21.05.423,558,AR176620,30/08/2012
44.82459286,41.70501513,01.17.02.007.069,594,AR174804,30/08/2012
44.75333267,41.73322675,01.10.18.011.045,393,AR184692,4/10/2012
44.86147921,41.67586478,01.17.11.031.053,1625,AR161628,27/06/2012
44.76726953,41.73347193,01.10.12.022.010,170,AR180675,21/09/2012
44.8181663,41.79284368,01.11.12.015.051,2087,AR129365,13/03/2012
44.80867193,41.69075091,01.18.03.046.027,1962,AR152409,23/05/2012
44.80087524,41.72197135,01.16.02.020.019,1831,AR141571,15/04/2012
44.77281572,41.77367422,01.13.01.019.098,1564,AR156687,6/6/2012
44.78392774,41.70859464,01.15.03.012.004,1553,AR154594,30/05/2012
44.80730118,41.67341424,01.18.06.012.084,825,AR177272,4/9/2012
44.75469964,41.77661941,01.72.14.033.596,2138,AR133323,30/03/2012
44.76773648,41.7341393,01.10.12.022.013,1413,AR125492,2/3/2012
44.97865341,41.67981367,01.19.27.007.045,1199,AR158737,15/06/2012
44.8763444,41.67385503,01.19.35.001.041,1710,AR154199,29/05/2012
44.95796972,41.67559646,01.19.30.001.011,1471,AR159179,19/06/2012
44.7605015,41.68361621,81.02.13.696,1326,AR157503,18/06/2012
44.78498244,41.76521833,01.12.08.004.007,2360,AR151791,18/05/2012
44.78726296,41.75638815,01.12.08.021.017,1965,AR133405,17/04/2012
44.79531054,41.73966348,01.12.13.001.014,1053,AR162523,29/06/2012
44.72177388,41.72607326,01.14.01.007.200,928,AR171427,7/8/2012
44.75152502,41.65962278,81.02.97.250,2149,AR132307,2/4/2012
44.75298492,41.7330042,01.10.18.011.029,728,AR154430,5/6/2012
44.82901982,41.7970031,01.11.12.005.094,611,AR175339,24/08/2012
44.80877186,41.6726868,01.18.06.012.058,1054,AR164275,13/07/2012
44.76725868,41.73379699,01.10.12.022.040,1756,AR150726,20/05/2012
44.82097954,41.68358231,01.18.04.006.039,1561,AR146209,16/05/2012
44.66838816,41.6814911,01.20.01.146.033,1525,AR157973,12/6/2012
44.78941831,41.72779189,01.13.07.004.005,2428,AR134552,26/04/2012
44.80382328,41.77852643,01.12.03.002.009,1748,AR136417,3/4/2012
44.74604573,41.78571706,01.72.14.039.197,1996,AR130376,19/03/2012
44.78970463,41.72759608,01.13.07.004.004,2347,AR134552,26/04/2012
44.96738536,41.69258996,01.19.15.003.049,1949,AR142962,25/04/2012
44.92159718,41.63952119,81.05.02.128,1410,AR160971,26/06/2012
44.8909991,41.66347886,01.19.33.004.136,1303,AR157536,20/06/2012
44.89688879,41.64728388,81.03.12.156,953,AR169804,30/07/2012
44.82333766,41.70575089,01.17.02.007.015,387,AR184849,8/10/2012
44.79992427,41.71347528,01.16.01.019.003,1524,AR157426,11/6/2012
44.7988238,41.73983818,01.12.13.005.015,570,AR162759,10/7/2012
44.70031037,41.6889968,01.20.01.120.010,1887,AR153020,25/05/2012
44.78349248,41.76730879,01.12.08.039.028,910,AR169889,31/07/2012
44.75858559,41.77219471,01.72.14.032.517,395,AR186908,29/10/2012
44.90791083,41.65508846,01.19.33.019.091,793,AR175153,22/08/2012
44.79884598,41.72570073,01.12.12.038.001,479,AR182021,22/09/2012
44.90788449,41.65515128,01.19.33.019.090,805,AR175174,22/08/2012
44.79274549,41.82668175,01.11.02.007.011,1404,AR156842,13/06/2012
44.80708355,41.70329558,01.16.06.042.006,1389,AR142848,31/05/2012
44.7287252,41.70663107,01.14.08.008.014,2271,AR125272,23/02/2012
44.79895448,41.74001594,01.12.13.005.014,583,AR172434,4/9/2012
44.83721171,41.68750267,01.17.13.029.015,806,AR178103,6/9/2012
44.69574561,41.70188403,01.20.01.017.017,2077,AR131743,22/03/2012
44.88991589,41.66358226,01.19.33.004.141,1858,AR150976,15/05/2012
44.85971346,41.68701982,01.17.10.010.019,2226,AR128675,7/3/2012
44.87163469,41.70947573,01.19.37.017.022,370,AR183179,4/10/2012
44.80329714,41.73286976,01.12.13.045.013,1500,AR159841,19/06/2012
44.8020646,41.72534244,01.12.20.031.002,1186,AR158160,13/06/2012
44.75219058,41.78715297,01.72.14.038.094,29,AR195776,30/11/2012
44.80082699,41.70588973,01.16.05.014.002,510,AR181034,20/09/2012
44.76022584,41.77891924,01.72.14.035.226,40,AR195623,30/11/2012
44.75949482,41.7797881,01.72.14.035.549,1554,AR156116,5/6/2012
44.86966758,41.69160826,01.19.36.004.027,1939,AR152810,23/05/2012
44.90926635,41.65582681,01.19.33.019.098,86,AR192622,14/11/2012
44.96859666,41.6932913,81.08.16.483,1743,AR153596,24/05/2012
44.88406735,41.70519795,01.19.39.016.012,420,AR184773,6/10/2012
44.96521586,41.73574268,81.08.06.123,900,AR172106,13/08/2012
44.76380592,41.78240553,01.72.14.035.544,2100,AR145759,2/5/2012
44.76998945,41.74943054,01.10.10.022.008,1715,AR159309,18/06/2012
44.75995437,41.68342797,81.02.20.009,406,AR183848,29/09/2012
44.80235612,41.78706047,01.11.12.020.114,1893,AR143329,8/5/2012
44.81768141,41.80221858,01.11.11.032.017,982,AR170869,2/8/2012
44.8393884,41.69204256,01.17.08.036.060,317,AR184133,5/10/2012
44.69685987,41.6596441,81.01.05.411,320,AR185957,16/10/2012
44.64768371,41.65127477,81.01.01.398,239,AR186423,17/10/2012
44.83233327,41.72915582,81.21.05.549,523,AR179364,21/09/2012
44.71649369,41.71779135,01.14.05.009.060,1863,AR142954,25/04/2012
44.82150339,41.73016098,01.12.20.011.041,2062,AR131606,21/03/2012
44.77619115,41.68560996,01.15.07.008.034,1822,AR150589,14/05/2012
44.76363326,41.77897435,01.72.14.035.256,1036,AR151114,12/7/2012
44.81446469,41.68708843,01.18.04.016.016,2206,AR129028,21/03/2012
44.77617898,41.71968267,01.10.17.010.030,1251,AR169405,27/07/2012
44.79430849,41.70317972,01.15.04.012.006,1159,AR167352,19/07/2012
44.74448583,41.71236082,01.14.07.008.017,1818,AR130406,22/03/2012
44.8552529,41.68105141,01.17.12.003.066,936,AR163680,25/07/2012
44.80914609,41.7754661,01.12.04.001.045,1145,AR159089,21/06/2012
44.9155417,41.64397443,81.05.02.138,2145,AR137841,19/04/2012
44.82881231,41.73553878,01.12.15.006.030,2056,AR132871,31/03/2012
44.81453523,41.73048812,01.12.14.108.011,1906,AR137644,6/4/2012
44.85434998,41.69335596,01.17.09.026.008,519,AR173871,24/08/2012
44.75406662,41.77587016,01.72.14.033.514,864,AR134763,12/7/2012
44.76526489,41.72104485,01.10.17.002.006,1714,AR159138,18/06/2012
44.85390974,41.6938735,01.17.09.026.005,49,AR193862,21/11/2012
44.77279156,41.78082444,01.13.01.010.079,1666,AR159127,22/06/2012
44.80077982,41.72866829,01.12.13.091.017,1010,AR175240,22/08/2012
44.76960099,41.7254142,01.10.14.030.020,1488,AR166597,16/07/2012
44.93059976,41.69410403,01.19.16.002.097,1280,AR169957,30/07/2012
44.80090804,41.77048506,01.12.03.033.024,723,AR176348,29/08/2012
44.7523962,41.79397378,01.10.06.001.018,1235,AR166718,17/07/2012
44.75197794,41.72730759,01.10.15.007.102,1315,AR169094,28/07/2012
44.82956763,41.73579539,81.21.06.119,1069,AR161376,26/06/2012
44.73026866,41.70589937,01.14.08.008.032,546,AR166120,18/07/2012
44.70203858,41.70096091,01.20.01.016.041,1296,AR167358,23/07/2012
44.84639086,41.73127142,81.21.04.797,615,AR178754,14/09/2012
44.75262639,41.78489121,01.72.14.037.472,652,AR177640,7/9/2012
44.7279487,41.72878293,01.14.01.006.012,1574,AR146174,8/5/2012
44.84610695,41.73106377,81.21.04.798,616,AR180286,14/09/2012
44.77332105,41.80678862,01.72.14.011.263,1374,AR164622,23/07/2012
44.73275082,41.79158705,01.72.14.032.523,1817,AR127882,17/05/2012
44.75382184,41.77898747,01.72.14.037.478,2246,AR126069,28/02/2012
44.78955543,41.72754154,01.13.07.004.014,1376,AR134552,26/04/2012
44.78911925,41.74190603,01.12.12.024.050,1681,AR155311,31/05/2012
44.78939623,41.72753947,01.13.07.004.015,2405,AR134552,26/04/2012
44.80077117,41.76862363,01.12.06.008.020,1266,AR159715,19/06/2012
44.85432804,41.6846942,01.17.12.003.076,1832,AR144772,1/5/2012
44.70593473,41.66555424,81.01.06.699,1883,AR149805,14/05/2012
44.79409856,41.70324327,01.15.04.012.016,2398,AR167352,19/07/2012
44.78071633,41.72002838,01.10.13.033.049,1105,AR126995,24/07/2012
44.75269251,41.73308391,01.10.18.011.044,1961,AR151574,17/05/2012
44.80924886,41.80594439,01.11.05.006.044,272,AR186528,22/10/2012
44.77534019,41.71984358,01.10.17.010.013,887,AR170718,14/08/2012
44.75866274,41.79902205,01.72.14.014.130,1103,AR173274,14/08/2012
44.83785116,41.68482253,01.17.13.050.134,2063,AR133194,28/03/2012
44.73542747,41.78542738,01.72.14.041.091,74,AR189304,12/11/2012
44.75891724,41.77210956,01.72.14.032.557,326,AR178838,11/9/2012
44.7615746,41.72461076,01.10.14.015.031,1300,AR145025,18/05/2012
44.75512803,41.66561597,81.02.12.922,1846,AR141489,18/04/2012
44.75238666,41.66329661,81.02.12.921,2175,AR128909,9/3/2012
44.78062192,41.80740657,01.72.14.012.004,1845,AR141449,1/5/2012
44.65227568,41.66806008,81.01.02.344,1992,AR143762,25/04/2012
44.83056199,41.73445842,81.21.05.285,469,AR174959,29/08/2012
44.85371142,41.78027039,72.13.29.256,95,AR184698,11/10/2012
44.82809037,41.77571504,01.12.05.002.104,1226,AR164832,9/7/2012
44.77660859,41.79914616,01.72.14.013.503,83,AR186323,1/11/2012
44.79093645,41.71684775,01.13.08.001.097,903,AR175693,3/9/2012
44.70620034,41.66412252,81.01.98.959,788,AR173093,13/08/2012
44.72761448,41.71911389,01.14.04.029.070,2015,AR138800,11/4/2012
44.7889212,41.74179728,01.12.12.024.089,574,AR172475,11/8/2012
44.65238765,41.66789327,81.01.02.343,623,AR172915,14/08/2012
44.75972025,41.77948035,01.72.14.035.071,1361,AR145297,3/5/2012
44.78784602,41.75880594,01.12.08.021.002,1702,AR145996,10/5/2012
44.75955935,41.79924331,01.72.14.014.132,588,AR184712,5/10/2012
44.79354016,41.81680311,01.11.03.003.029,259,AR185085,10/10/2012
44.75630835,41.64752074,81.02.04.805,1886,AR150146,11/5/2012
44.82451763,41.70108085,01.17.02.017.013,2128,AR132412,28/03/2012
44.89708987,41.67916415,01.19.21.002.079,1373,AR164319,23/07/2012
44.84383351,41.70444882,01.17.09.001.029,2219,AR129306,12/3/2012
44.72698144,41.72803508,01.14.01.006.007,105,AR197422,10/12/2012
44.77122226,41.70363581,01.14.11.064.060,1913,AR146571,7/5/2012
44.7429549,41.65977243,81.02.12.970,2258,AR125820,28/02/2012
44.81037615,41.72971916,01.12.20.007.010,1576,AR152570,21/05/2012
44.70403061,41.64741175,81.01.99.859,828,AR164552,9/7/2012
44.76158152,41.77223476,01.72.14.032.500,1665,AR158348,14/06/2012
44.82898208,41.68975904,01.17.13.001.308,1007,AR169598,3/8/2012
44.80259927,41.77736741,01.12.03.010.009,1773,AR152642,21/05/2012
44.80728045,41.71766998,01.16.03.017.012,1465,AR155257,3/6/2012
44.82683163,41.68709986,01.17.01.132.005,171,AR184877,6/10/2012
44.75345001,41.73143911,01.14.15.015.020,1149,AR163864,5/7/2012
44.79866976,41.74251366,01.12.11.056.021,1649,AR155425,6/6/2012
44.83915057,41.7705298,72.13.39.064,1781,AR133701,10/4/2012
44.75082921,41.6621942,81.02.12.946,1675,AR156072,5/6/2012
44.88146088,41.68110191,01.19.21.001.173,2284,AR124802,21/02/2012
44.89803164,41.67561557,01.19.22.018.008,152,AR186788,2/11/2012
44.84296379,41.7814853,72.13.11.219,1104,AR173422,14/08/2012
44.73412395,41.6754634,81.02.02.870,516,AR186013,16/10/2012
44.79861954,41.74251922,01.12.11.056.020,506,AR177296,4/9/2012
44.73978117,41.76823824,01.72.14.021.239,966,AR168800,27/07/2012
44.8106182,41.68733207,01.18.03.063.001,194,AR190194,2/11/2012
44.82945711,41.690879,01.17.13.001.315,1321,AR155222,8/6/2012
44.77801042,41.81522644,01.72.14.007.096,1969,AR136783,6/4/2012
44.89997717,41.71905982,81.08.26.185,1735,AR145585,3/5/2012
44.77532015,41.71823775,01.10.17.011.009,1001,AR157540,20/07/2012
44.74002549,41.77263282,01.72.14.028.195,1978,AR136752,10/4/2012
44.7765278,41.75038343,01.13.04.017.037,2099,AR134724,2/4/2012
44.82004377,41.78159392,01.11.17.004.163,1944,AR137708,6/4/2012
44.83017579,41.73454347,81.21.05.267,1057,AR167100,18/07/2012
44.81009366,41.72942898,01.12.20.007.002,2187,AR132244,27/03/2012
44.75789159,41.77521295,01.72.14.033.526,1379,AR157056,26/06/2012
44.8300731,41.73467934,81.21.05.266,938,AR167741,25/07/2012
44.75072915,41.78484706,01.72.14.038.596,1452,AR160883,22/06/2012
44.80370958,41.71073452,01.16.05.007.004,2001,AR132438,23/03/2012
44.74325011,41.7851757,01.72.14.040.030,145,AR195157,4/12/2012
44.83831098,41.70085519,01.17.08.005.015,1877,AR142345,23/04/2012
44.92027354,41.62370233,81.05.11.198,196,AR193598,21/11/2012
44.7506843,41.78494864,01.72.14.038.595,116,AR167364,19/07/2012
44.80786392,41.70912802,01.16.06.019.001,789,AR173797,27/08/2012
44.65544824,41.67037566,81.01.02.541,1013,AR160332,26/06/2012
44.80274393,41.71032572,01.16.05.006.002,800,AR168087,26/07/2012
44.80082105,41.78508863,01.11.17.001.090,641,AR177789,5/9/2012
44.75427567,41.77662074,01.72.14.033.530,575,AR173725,1/9/2012
44.7791371,41.72545092,01.10.13.016.116,1698,AR130513,28/05/2012
44.84024316,41.77710878,01.11.17.006.530,759,AR174657,21/08/2012
44.81593441,41.80126765,01.11.11.035.020,1162,AR169718,30/07/2012
44.83490835,41.72897184,81.21.05.297,97,AR189680,2/11/2012
44.80391266,41.70340334,01.16.05.031.031,2212,AR128736,19/03/2012
44.76884968,41.72133613,01.10.17.002.022,1288,AR161407,3/7/2012
44.83890036,41.70031147,01.17.08.005.018,2046,AR149557,10/5/2012
44.75253762,41.78518815,01.72.14.037.345,785,AR168274,15/08/2012
44.79951215,41.80120681,01.11.05.024.029,2320,AR181067,18/09/2012
44.7669296,41.66329471,81.02.97.519,2227,AR129696,14/03/2012
44.82690527,41.73423361,01.12.14.064.008,1042,AR168757,24/07/2012
44.79332273,41.7184852,01.13.08.002.022,2049,AR131805,3/4/2012
44.7704777,41.72579518,01.10.13.018.017,1129,AR155780,29/06/2012
44.7775666,41.70424822,01.15.02.054.070,1921,AR142009,20/04/2012
44.78997043,41.70889088,01.15.03.022.027,5,AR182274,19/11/2012
44.77738261,41.8156166,01.72.14.007.094,973,AR152357,21/05/2012
44.72790523,41.72697662,01.14.02.023.003,1528,AR162268,29/06/2012
44.76297055,41.73375891,01.10.12.024.025,818,AR173142,18/08/2012
44.72666599,41.72649509,01.14.02.023.002,2264,AR126049,27/02/2012
44.80281096,41.72775323,01.12.20.021.017,774,AR175749,24/08/2012
44.89919417,41.67384557,01.19.22.026.002,1136,AR165622,17/07/2012
44.79716307,41.76796599,01.12.07.005.014,1862,AR138744,11/4/2012
44.7422586,41.71178506,01.14.07.007.045,2179,AR132631,26/03/2012
44.77798552,41.81382106,01.72.14.008.078,1210,AR163918,5/7/2012
44.87610859,41.67097885,01.19.35.006.033,1581,AR156675,11/6/2012
44.7823005,41.71934257,01.10.13.035.001,141,AR188842,26/10/2012
44.64464482,41.64732425,81.01.01.843,1980,AR138152,25/04/2012
44.64313982,41.65926851,81.01.01.851,1048,AR157595,14/06/2012
44.77521124,41.80987189,01.72.14.010.177,1088,AR161576,4/7/2012
44.77710853,41.70438516,01.15.02.054.097,853,AR170396,1/8/2012
44.79527809,41.74995096,01.12.11.017.013,1578,AR154176,28/05/2012
44.82968483,41.7762882,01.11.17.006.522,1221,AR160452,12/7/2012
44.76161148,41.72452572,01.10.14.015.052,1444,AR128293,13/03/2012
44.96208552,41.68985891,01.19.15.003.009,1336,AR164418,7/7/2012
44.76738574,41.77602631,01.72.14.034.457,1532,AR149567,10/5/2012
44.80191102,41.70687562,01.16.05.003.006,2180,AR133222,28/03/2012
44.903769,41.66880795,01.19.33.010.005,1998,AR144212,27/04/2012
44.8051176,41.70418447,01.16.05.028.003,799,AR156461,4/7/2012
44.78326859,41.70275486,01.15.02.046.009,238,AR184057,2/10/2012
44.78893056,41.70298766,01.15.02.038.005,294,AR187676,19/10/2012
44.83644486,41.72948563,81.21.05.001,1899,AR149054,10/5/2012
44.69472969,41.65625718,81.01.97.258,1606,AR160408,27/06/2012
44.92038079,41.62136847,81.05.11.173,1278,AR166199,31/07/2012
44.79147946,41.75644171,01.12.09.021.103,1663,AR155200,1/6/2012
44.82584997,41.78129624,01.11.17.005.015,1878,AR143455,24/04/2012
44.77430705,41.77320366,01.13.01.019.090,1194,AR171186,6/8/2012
44.65418635,41.65352649,81.01.02.548,573,AR171416,17/08/2012
44.73178775,41.72670635,01.14.03.002.012,2262,AR123662,16/02/2012
44.84190336,41.69338718,01.17.08.033.031,1487,AR165431,11/7/2012
44.80815945,41.70198005,01.16.06.050.014,99,AR191846,12/11/2012
44.84167437,41.69323319,01.17.08.033.030,863,AR178429,6/9/2012
44.64740531,41.65782417,81.01.01.677,47,AR190553,9/11/2012
44.78741835,41.76357291,01.12.08.011.014,1703,AR146120,11/5/2012
44.7758055,41.68906781,01.15.07.004.020,896,AR165932,5/8/2012
44.75116532,41.78612645,01.72.14.038.025,2058,AR137993,6/4/2012
44.87475805,41.67064115,01.17.11.026.041,2289,AR169778,2/8/2012
44.76943925,41.80201746,01.72.14.014.470,2137,AR131737,29/03/2012
44.77684904,41.80933224,01.72.14.010.196,2080,AR137080,11/4/2012
44.74568656,41.70110008,01.14.13.004.003,786,AR169725,30/07/2012
44.74002992,41.70690599,01.14.10.001.066,2319,AR169293,27/07/2012
44.73847269,41.70492549,01.14.13.004.007,30,AR197040,11/12/2012
44.81651323,41.67486203,01.18.06.006.094,1391,AR156399,9/6/2012
44.64324423,41.64873538,81.01.98.179,886,AR169078,30/07/2012
44.70210581,41.65069974,81.01.05.381,1861,AR131702,6/4/2012
44.7399464,41.70818361,01.14.10.001.068,2105,AR134831,5/4/2012
44.73018047,41.72470281,01.14.03.001.015,2030,AR134224,4/4/2012
44.88138169,41.7051751,01.19.39.014.009,951,AR167094,20/07/2012
44.90941509,41.65545339,01.19.33.019.021,629,AR178448,9/9/2012
44.70299607,41.70351961,01.20.01.010.358,731,AR169702,30/07/2012
44.81920739,41.7884092,01.11.13.002.157,1283,AR170388,3/8/2012
44.75237687,41.73307298,01.10.18.011.012,746,AR172198,13/08/2012
44.71887007,41.73978935,01.14.16.007.007,1915,AR146625,7/5/2012
44.84042317,41.73475838,81.21.04.723,31,AR198059,19/12/2012
44.76768257,41.73318079,01.10.12.022.008,1731,AR123828,20/02/2012
44.80045004,41.71602922,01.16.01.015.026,4,AR178813,10/9/2012
44.85675915,41.69016728,01.17.09.036.012,1872,AR155493,1/6/2012
44.69627319,41.69448332,01.20.01.093.067,1868,AR149442,10/5/2012
44.855166,41.6753019,01.17.12.054.015,1171,AR158384,13/06/2012
44.77737483,41.80352726,01.72.14.012.402,411,AR171484,8/8/2012
44.68691669,41.6939536,01.20.01.100.052,1534,AR150447,15/05/2012
44.81949606,41.70877064,01.16.04.030.081,304,AR178582,11/9/2012
44.78896679,41.71959818,01.13.07.024.012,1099,AR168367,24/07/2012
44.72049814,41.73660432,01.14.02.003.070,1328,AR159440,19/06/2012
44.78286503,41.70830285,01.15.03.017.004,2313,AR180331,19/09/2012
44.727748,41.72629255,01.14.04.010.008,1511,AR157498,25/06/2012
44.76489985,41.70843142,01.14.11.017.026,1811,AR146301,8/5/2012
44.75710514,41.78795632,01.10.06.014.062,1892,AR136873,3/4/2012
44.8364217,41.77859283,01.11.17.006.510,888,AR171305,6/8/2012
44.79470832,41.81893286,01.11.03.003.032,549,AR180268,17/09/2012
44.7738723,41.78916981,01.72.14.013.174,976,AR160391,19/07/2012
44.83292455,41.77442262,01.11.17.006.513,958,AR171491,7/8/2012
44.76296301,41.77978831,01.72.14.035.604,878,AR177277,5/9/2012
44.7742512,41.81079425,01.72.14.008.343,323,AR190364,7/11/2012
44.81725226,41.71798086,01.16.03.031.008,199,AR161682,26/06/2012
44.64724432,41.65058537,81.01.01.409,822,AR174540,20/08/2012
44.64766462,41.66487453,81.01.02.684,2,AR198720,19/12/2012
44.75827349,41.73183412,01.10.12.030.011,2132,AR134000,11/4/2012
44.76151962,41.78815086,01.10.06.014.045,282,AR192000,13/11/2012
44.80058439,41.71584692,01.16.01.015.011,599,AR177731,6/9/2012
44.82930563,41.7360771,81.21.06.307,671,AR174832,30/08/2012
44.79537529,41.71038313,01.13.08.007.035,955,AR170257,31/07/2012
44.75405222,41.79152112,01.10.06.001.108,1689,AR146359,4/5/2012
44.77945504,41.80813403,01.72.14.010.143,1806,AR157007,8/6/2012
44.82792233,41.68992502,01.17.13.001.059,1451,AR158858,16/07/2012
44.76239102,41.66688833,81.02.10.581,603,AR182450,24/09/2012
44.81523183,41.7121194,01.16.04.014.012,2243,AR131200,21/03/2012
44.75436793,41.78923981,01.10.06.001.118,1390,AR154923,4/6/2012
44.96518097,41.74035494,81.08.05.299,597,AR176550,31/08/2012
44.77927635,41.72550129,01.10.13.016.120,719,AR174499,31/08/2012
44.70440276,41.65639676,81.01.05.625,1432,AR157391,13/06/2012
44.83699245,41.73317027,81.21.04.727,803,AR173943,16/08/2012
44.82790888,41.68974331,01.17.13.001.060,1495,AR157508,16/07/2012
44.77531886,41.81612897,01.72.14.007.472,2057,AR137714,6/4/2012
44.7540701,41.78641367,01.72.14.037.031,1673,AR154083,26/05/2012
44.6963095,41.65702359,81.01.05.622,165,AR193609,22/11/2012
44.77767222,41.81657132,01.72.14.007.471,10,AR197415,17/12/2012
44.80837621,41.73090952,01.12.13.075.008,71,AR185081,16/10/2012
44.80060683,41.76476471,01.12.06.013.007,2165,AR134725,17/04/2012
44.77545944,41.82086552,01.72.14.007.476,1613,AR148871,11/5/2012
44.90799048,41.64213001,01.18.13.028.001,230,AR184335,30/10/2012
44.7635065,41.73586169,01.10.12.005.023,2006,AR143298,28/04/2012
44.7942527,41.76443324,01.12.06.019.004,1884,AR150015,11/5/2012
44.9575226,41.69098921,01.19.15.001.023,1838,AR150643,14/05/2012
44.80555757,41.80375083,01.11.05.015.002,1727,AR152199,22/05/2012
44.82236705,41.77754304,01.12.02.007.031,1044,AR174083,17/08/2012
44.77788245,41.67618127,81.02.11.488,303,AR166928,12/10/2012
44.80810963,41.71486209,01.16.03.053.001,1306,AR160038,3/7/2012
44.76945487,41.71565356,01.10.17.029.008,1651,AR156430,6/6/2012
44.90638774,41.6578437,01.19.33.020.024,925,AR171241,9/8/2012
44.73203893,41.70980492,01.14.08.003.043,2275,AR124394,20/02/2012
44.76522533,41.78641773,01.72.14.034.471,2276,AR125815,1/3/2012
44.79875593,41.74095731,01.12.11.063.014,2045,AR146132,4/5/2012
44.84127097,41.73281436,81.21.04.512,1972,AR144899,1/5/2012
44.82611073,41.78136029,01.11.17.005.020,975,AR157066,7/6/2012
44.80733957,41.77476682,01.12.04.001.030,389,AR173894,4/10/2012
44.75251064,41.78451687,01.72.14.037.517,1043,AR169729,30/07/2012
44.82228109,41.78337011,01.11.17.004.186,943,AR171536,7/8/2012
44.8736182,41.67456814,01.17.11.022.013,2010,AR150420,16/05/2012
44.63945869,41.65176788,81.01.01.877,1569,AR163087,3/7/2012
44.7981886,41.70117249,01.15.04.009.012,1897,AR146095,3/5/2012
44.89931716,41.71934318,81.08.26.364,1701,AR145545,2/5/2012
44.953668,41.69153349,01.19.15.001.035,1568,AR162094,27/06/2012
44.75682156,41.78832006,01.10.06.014.094,1966,AR133641,30/03/2012
44.7998755,41.73614251,01.12.13.023.009,1073,AR164395,19/07/2012
44.80837193,41.71305857,01.16.04.020.001,1596,AR137854,7/4/2012
44.76494334,41.70864784,01.14.11.017.017,760,AR176076,31/08/2012
44.74599461,41.72984919,01.14.15.010.018,1860,AR155769,4/6/2012
44.6448083,41.65112409,81.01.01.658,1586,AR162760,2/7/2012
44.82216808,41.79385626,01.11.12.007.006,92,AR163602,11/7/2012
44.72901529,41.72604615,01.14.04.010.014,7,AR180806,18/09/2012
44.64890623,41.6592881,81.01.01.693,531,AR169655,27/07/2012
44.76651376,41.64959668,81.02.05.610,868,AR170004,3/8/2012
